time,latitude,longitude,depth,mag,magType,nst,gap,dmin,rms,net,id,updated,place,type,horizontalError,depthError,magError,magNst,status,locationSource,magSource
2021-04-07T09:44:38.719Z,35.37766667,-97.92416667,6.41,3.16,ml,99,31,0,0.2,ok,ok2021gudp,2021-04-07T13:56:17.015Z,"2 km SE of Union City, Oklahoma",earthquake,,0.4,0.34,32,reviewed,ok,ok
2021-04-07T09:40:05.286Z,44.2067,-129.3001,10,3.1,ml,,285,3.817,0.38,us,us6000dzlp,2021-04-07T09:51:52.040Z,"off the coast of Oregon",earthquake,14.5,2,0.052,49,reviewed,us,us
2021-04-07T09:38:48.660Z,36.02,-117.7758333,1.25,0.72,ml,13,64,0.01002,0.18,ci,ci39841632,2021-04-07T09:42:21.291Z,"15km NE of Little Lake, CA",earthquake,0.35,0.4,0.156,9,automatic,ci,ci
2021-04-07T09:37:04.070Z,36.6455,-116.258,8.7,0.2,ml,10,194.01,0.066,0.06,nn,nn00804499,2021-04-07T10:07:12.402Z,"53 km W of Indian Springs, Nevada",earthquake,,0.9,,,automatic,nn,nn
2021-04-07T09:35:19.630Z,37.4121666,-121.7603302,6.61,1.37,md,8,166,0.0398,0.02,nc,nc73546230,2021-04-07T10:44:07.285Z,"8km NE of Alum Rock, CA",earthquake,0.78,0.93,0.02,7,automatic,nc,nc
2021-04-07T09:31:50.950Z,36.0285,-117.779,2.05,0.9,ml,8,116,0.01161,0.1,ci,ci39841624,2021-04-07T09:35:32.553Z,"15km E of Coso Junction, CA",earthquake,0.27,0.19,0.268,9,automatic,ci,ci
2021-04-07T09:30:31.184Z,57.1254,-153.8422,29,1.9,ml,,,,0.35,ak,ak0214gko28l,2021-04-07T09:37:41.124Z,"28 km NE of Akhiok, Alaska",earthquake,,0.5,,,automatic,ak,ak
2021-04-07T09:22:01.780Z,36.5003,-115.4102,0.7,1.2,ml,8,298.49,0.595,0.21,nn,nn00804498,2021-04-07T09:38:12.269Z,"24 km ESE of Indian Springs, Nevada",earthquake,,18.9,,,automatic,nn,nn
2021-04-07T09:20:59.099Z,35.1779,-111.6075,5,3.3,ml,,86,0.388,0.73,us,us6000dzln,2021-04-07T10:56:28.660Z,"4 km ESE of Flagstaff, Arizona",earthquake,2.1,1.8,0.035,110,reviewed,us,us
2021-04-07T09:17:23.470Z,36.5415001,-121.1296692,5.47,1.88,md,20,119,0.05406,0.04,nc,nc73546225,2021-04-07T10:19:07.133Z,"2km NE of Pinnacles, CA",earthquake,0.26,0.76,0.19,20,automatic,nc,nc
2021-04-07T08:53:50.540Z,38.1187,-117.9795,9.1,1.5,ml,18,125.75,0.036,0.09,nn,nn00804496,2021-04-07T09:23:54.906Z,"32 km SSE of Mina, Nevada",earthquake,,0.8,,,automatic,nn,nn
2021-04-07T08:50:06.890Z,38.1455,-117.963,12.2,1.4,ml,20,132.22,0.021,0.08,nn,nn00804492,2021-04-07T08:54:54.665Z,"30 km SSE of Mina, Nevada",earthquake,,0.7,,,automatic,nn,nn
2021-04-07T08:45:03.148Z,59.7288,-152.7382,88.7,0.9,ml,,,,0.24,ak,ak0214gk5spw,2021-04-07T08:47:55.806Z,"51 km W of Anchor Point, Alaska",earthquake,,0.6,,,automatic,ak,ak
2021-04-07T08:44:32.820Z,35.9576667,-117.6698333,3.68,0.49,ml,12,56,0.01855,0.17,ci,ci39841608,2021-04-07T08:48:06.271Z,"22km E of Little Lake, CA",earthquake,0.41,0.64,0.164,6,automatic,ci,ci
2021-04-07T08:43:39.416Z,60.3625,-141.4709,6.6,1.5,ml,,,,1.12,ak,ak0214gk5fl5,2021-04-07T08:54:06.561Z,"133 km NW of Yakutat, Alaska",earthquake,,0.2,,,automatic,ak,ak
2021-04-07T08:39:15.150Z,32.882,-115.52,7.18,1.32,ml,12,76,0.03937,0.23,ci,ci39841600,2021-04-07T08:42:49.240Z,"6km NE of Imperial, CA",earthquake,0.67,1.06,0.131,12,automatic,ci,ci
2021-04-07T08:09:56.460Z,34.1231667,-117.4581667,10.79,0.75,ml,17,76,0.09194,0.23,ci,ci39841592,2021-04-07T08:13:46.945Z,"3km N of Fontana, CA",earthquake,0.58,1,0.158,17,automatic,ci,ci
2021-04-07T08:03:27.430Z,36.0245,-117.7688333,1.26,0.85,ml,9,112,0.002982,0.14,ci,ci39841576,2021-04-07T08:06:59.011Z,"16km NE of Little Lake, CA",earthquake,0.32,0.4,0.067,3,automatic,ci,ci
2021-04-07T08:02:16.570Z,36.015,-117.778,0.44,2.15,ml,29,45,0.01451,0.21,ci,ci39841568,2021-04-07T08:06:13.007Z,"14km NE of Little Lake, CA",earthquake,0.28,0.38,0.108,25,automatic,ci,ci
2021-04-07T08:02:04.300Z,36.024,-117.7731667,1.75,0.67,ml,6,114,0.006522,0.04,ci,ci39841560,2021-04-07T08:05:53.092Z,"16km NE of Little Lake, CA",earthquake,0.19,0.24,0.255,3,automatic,ci,ci
2021-04-07T07:57:38.666Z,61.3052,-150.6749,50.4,1.3,ml,,,,0.93,ak,ak0214gjmzzb,2021-04-07T08:01:31.165Z,"27 km SSW of Susitna, Alaska",earthquake,,0.9,,,automatic,ak,ak
2021-04-07T07:55:36.690Z,19.2115001678467,-155.442840576172,34.3300018310547,1.91999996,md,36,128,,0.140000001,hv,hv72415422,2021-04-07T07:58:57.570Z,"3 km ENE of Pāhala, Hawaii",earthquake,0.67,0.850000024,0.519999981,7,automatic,hv,hv
2021-04-07T07:40:22.455Z,61.6171,-150.3729,48.4,1.4,ml,,,,0.48,ak,ak0214gjjbhz,2021-04-07T07:51:20.056Z,"11 km NE of Susitna, Alaska",earthquake,,0.4,,,automatic,ak,ak
2021-04-07T07:38:17.070Z,38.8365,-118.6658,4.2,1.6,ml,18,73.93,0.47,0.06,nn,nn00804486,2021-04-07T08:03:14.065Z,"17 km SE of Schurz, Nevada",earthquake,,9.5,,,automatic,nn,nn
2021-04-07T07:35:52.303Z,61.4088,-149.9344,34.3,1.6,ml,,,,0.36,ak,ak0214gjib8e,2021-04-07T07:40:28.725Z,"5 km NNE of Point MacKenzie, Alaska",earthquake,,0.2,,,automatic,ak,ak
2021-04-07T07:28:37.027Z,61.3778,-146.8633,30.4,1.4,ml,,,,0.51,ak,ak0214gjgs1i,2021-04-07T07:32:07.597Z,"39 km NW of Valdez, Alaska",earthquake,,0.3,,,automatic,ak,ak
2021-04-07T07:08:22.454Z,58.2673,-154.9846,1.5,1,ml,,,,0.51,ak,ak0214gjcglk,2021-04-07T07:11:55.400Z,"83 km NNW of Karluk, Alaska",earthquake,,0.4,,,automatic,ak,ak
2021-04-07T07:02:11.030Z,40.7245,-119.5363,0.1,2.1,ml,13,159.04,0.357,0.16,nn,nn00804484,2021-04-07T07:39:13.558Z,"17 km WNW of Gerlach, Nevada",earthquake,,11.6,,,automatic,nn,nn
2021-04-07T06:46:08.000Z,33.9241667,-116.713,14.33,2.08,ml,79,20,0.1129,0.18,ci,ci39841544,2021-04-07T06:57:15.710Z,"7km E of Cabazon, CA",earthquake,0.17,0.35,0.15,26,automatic,ci,ci
2021-04-07T06:42:13.200Z,37.263,-116.6482,16.3,0.3,ml,8,231.82,0.183,0.18,nn,nn00804483,2021-04-07T07:03:11.035Z,"40 km NNE of Beatty, Nevada",earthquake,,4.3,,,automatic,nn,nn
2021-04-07T06:37:11.120Z,34.6013333,-85.4793333,4.37,2.09,md,9,134,0.3683,0.12,se,se60125623,2021-04-07T13:14:42.210Z,"10 km ENE of Mentone, Alabama",earthquake,0.44,1.42,0.068,9,reviewed,se,se
2021-04-07T06:35:37.735Z,59.9737,-153.4532,123.3,2.7,ml,,,,0.72,ak,ak0214giwuet,2021-04-07T06:46:42.773Z,"42 km ENE of Pedro Bay, Alaska",earthquake,,0.4,,,automatic,ak,ak
2021-04-07T06:30:23.080Z,35.9695,-117.3866667,2.26,0.96,ml,12,197,0.1212,0.1,ci,ci39841536,2021-04-07T06:34:07.191Z,"22km N of Searles Valley, CA",earthquake,0.36,0.55,0.341,9,automatic,ci,ci
2021-04-07T06:28:04.039Z,60.6146,-151.6754,81.6,1.3,ml,,,,0.43,ak,ak0214giv9w3,2021-04-07T06:33:10.330Z,"19 km W of Salamatof, Alaska",earthquake,,1,,,automatic,ak,ak
2021-04-07T06:26:53.310Z,19.066333770752,-155.366668701172,32.2000007629395,2.37,ml,49,207,,0.150000006,hv,hv72415367,2021-04-07T06:32:24.120Z,"19 km SE of Pāhala, Hawaii",earthquake,0.59,0.879999995,3.63,6,automatic,hv,hv
2021-04-07T06:22:41.721Z,57.6546,-152.8674,13.4,1.9,ml,,,,0.55,ak,ak0214giu2i4,2021-04-07T06:27:19.501Z,"12 km WSW of Womens Bay, Alaska",earthquake,,2.6,,,automatic,ak,ak
2021-04-07T06:21:50.248Z,64.4893,-146.9383,10.8,0.9,ml,,,,0.38,ak,ak0214gitvg0,2021-04-07T06:25:09.170Z,"4 km SSW of Salcha, Alaska",earthquake,,0.3,,,automatic,ak,ak
2021-04-07T05:50:47.937Z,60.3371,-152.2801,73.2,0.9,ml,,,,0.39,ak,ak0214gienfd,2021-04-07T05:58:16.365Z,"46 km NW of Ninilchik, Alaska",earthquake,,0.9,,,automatic,ak,ak
2021-04-07T05:45:30.351Z,61.6151,-149.9186,45.2,1.1,ml,,,,0.71,ak,ak0214gidjhn,2021-04-07T05:48:25.125Z,"5 km WSW of Houston, Alaska",earthquake,,1,,,automatic,ak,ak
2021-04-07T05:23:49.590Z,38.1778,-118.0925,6.8,0.4,ml,8,197.03,0.055,0.08,nn,nn00804482,2021-04-07T06:43:30.913Z,"23 km S of Mina, Nevada",earthquake,,10.6,,,automatic,nn,nn
2021-04-07T05:18:39.820Z,34.1275,-117.4443333,7.82,0.89,ml,23,79,0.09663,0.16,ci,ci39841528,2021-04-07T05:22:22.092Z,"4km NNE of Fontana, CA",earthquake,0.35,1.81,0.242,24,automatic,ci,ci
2021-04-07T05:13:15.784Z,-3.6213,153.9878,437.17,5.6,mww,,78,1.906,0.95,us,us6000dzkn,2021-04-07T11:24:29.579Z,"206 km ENE of Kokopo, Papua New Guinea",earthquake,10.6,6.3,0.058,29,reviewed,us,us
2021-04-07T04:44:26.222Z,62.2523,-150.9985,68.4,1.8,ml,,,,0.7,ak,ak0214ghrvun,2021-04-07T04:56:09.449Z,"29 km SSW of Petersville, Alaska",earthquake,,0.5,,,automatic,ak,ak
2021-04-07T04:42:11.026Z,44.2967,-115.1655,14.73,3.2,ml,,66,0.165,0.54,us,usd000esqc,2021-04-07T13:55:42.766Z,"20 km WNW of Stanley, Idaho",earthquake,5,9,0.037,96,reviewed,us,us
2021-04-07T04:40:23.460Z,37.647,-118.9211667,3.99,0.07,md,6,207,0.03514,0.03,nc,nc73546180,2021-04-07T12:56:07.784Z,"5km ENE of Mammoth Lakes, CA",earthquake,2.75,1.91,0.033,5,reviewed,nc,nc
2021-04-07T04:39:36.020Z,35.5725,-118.3871667,1.14,1.23,ml,13,136,0.1146,0.16,ci,ci39841504,2021-04-07T04:43:15.314Z,"9km ESE of Lake Isabella, CA",earthquake,0.5,0.67,0.156,15,automatic,ci,ci
2021-04-07T04:11:46.390Z,37.531,-118.7221667,7.94,0.7,md,14,170,0.1034,0.04,nc,nc73546175,2021-04-07T13:55:06.604Z,"5km SW of Toms Place, CA",earthquake,0.45,0.97,0.119,14,reviewed,nc,nc
2021-04-07T04:08:46.240Z,36.8287,-115.9365,12.4,0.2,ml,12,199.12,0.109,0.1,nn,nn00804481,2021-04-07T05:26:31.759Z,"37 km NW of Indian Springs, Nevada",earthquake,,2.4,,,automatic,nn,nn
2021-04-07T03:48:47.311Z,66.6631,-146.3735,17.2,1,ml,,,,1.08,ak,ak0214gh7cse,2021-04-07T04:01:23.483Z,"39 km S of Venetie, Alaska",earthquake,,0.2,,,automatic,ak,ak
2021-04-07T03:44:50.760Z,35.9456667,-117.7166667,1.67,0.42,ml,9,77,0.05383,0.11,ci,ci39841472,2021-04-07T03:48:25.800Z,"17km E of Little Lake, CA",earthquake,0.24,0.45,0.145,4,automatic,ci,ci
2021-04-07T03:26:34.980Z,36.682,-115.668,0.3,0.3,ml,8,305.87,0.265,0.15,nn,nn00804480,2021-04-07T04:09:50.834Z,"12 km N of Indian Springs, Nevada",earthquake,,13.2,,,automatic,nn,nn
2021-04-07T03:22:42.160Z,38.171,-117.873,12,1.3,ml,15,72.55,0.016,0.12,nn,nn00804478,2021-04-07T03:27:31.486Z,"31 km SE of Mina, Nevada",earthquake,,0.7,,,automatic,nn,nn
2021-04-07T03:21:37.180Z,38.8166656,-122.8215027,2.42,1.47,md,31,49,0.009828,0.03,nc,nc73546155,2021-04-07T05:29:06.356Z,"7km NW of The Geysers, CA",earthquake,0.19,0.36,0.04,6,automatic,nc,nc
2021-04-07T03:18:03.210Z,36.6352,-115.6175,0.3,0.8,ml,10,320.2,0.403,0.21,nn,nn00804477,2021-04-07T03:23:51.353Z,"8 km NNE of Indian Springs, Nevada",earthquake,,14.8,,,automatic,nn,nn
2021-04-07T03:12:54.990Z,38.8388329,-122.8371658,1.9,0.91,md,21,83,0.001334,0.01,nc,nc73546150,2021-04-07T03:49:04.486Z,"10km NW of The Geysers, CA",earthquake,0.2,0.4,0.05,4,automatic,nc,nc
2021-04-07T03:12:33.740Z,38.7574997,-122.7261658,2.82,0.19,md,6,145,0.004213,0.01,nc,nc73546145,2021-04-07T03:38:05.413Z,"3km SE of The Geysers, CA",earthquake,0.61,0.96,0.14,2,automatic,nc,nc
2021-04-07T03:06:46.100Z,35.8601667,-117.6825,10.71,0.79,ml,8,106,0.08206,0.14,ci,ci39841464,2021-04-07T03:10:31.323Z,"22km ESE of Little Lake, CA",earthquake,0.59,1.05,0.154,10,automatic,ci,ci
2021-04-07T03:04:45.860Z,33.0806667,-115.5791667,8.16,1.32,ml,13,65,0.04035,0.22,ci,ci39841456,2021-04-07T03:08:27.555Z,"6km NE of Westmorland, CA",earthquake,0.55,0.96,0.157,26,automatic,ci,ci
2021-04-07T03:04:31.770Z,33.5983333,-116.8066667,6.27,0.39,ml,22,75,0.03583,0.21,ci,ci39841448,2021-04-07T03:08:01.304Z,"13km WNW of Anza, CA",earthquake,0.45,0.81,0.065,10,automatic,ci,ci
2021-04-07T02:57:00.320Z,17.9415,-66.8301,10,2.33,md,21,191,0.2159,0.11,pr,pr2021097002,2021-04-07T03:13:16.232Z,"5 km S of Indios, Puerto Rico",earthquake,0.42,0.55,0.2,16,reviewed,pr,pr
2021-04-07T02:55:41.530Z,19.2188333333333,-155.3765,31.47,2.67,md,46,156,,0.11,hv,hv72415297,2021-04-07T12:31:47.274Z,"10 km E of Pāhala, Hawaii",earthquake,0.44,0.66,0.167120736862993,24,reviewed,hv,hv
2021-04-07T02:55:33.420Z,19.2136666666667,-155.378833333333,31.51,1.71,md,34,157,,0.11,hv,hv72415292,2021-04-07T03:16:21.900Z,"10 km E of Pāhala, Hawaii",earthquake,0.65,0.83,0.051254420519673,17,reviewed,hv,hv
2021-04-07T02:51:56.500Z,38.1378,-117.903,10,1.6,ml,18,70.69,0.035,0.06,nn,nn00804473,2021-04-07T03:03:32.571Z,"33 km SSE of Mina, Nevada",earthquake,,0.3,,,automatic,nn,nn
2021-04-07T02:43:32.840Z,35.9598333,-117.4823333,1.29,1.03,ml,13,92,0.0981,0.17,ci,ci39841432,2021-04-07T02:47:05.785Z,"22km NNW of Searles Valley, CA",earthquake,0.48,0.61,0.126,11,automatic,ci,ci
2021-04-07T02:40:55.730Z,36.6502,-116.2592,0.1,0.1,ml,9,184.53,0.064,0.21,nn,nn00804472,2021-04-07T02:52:50.550Z,"53 km ESE of Beatty, Nevada",earthquake,,17.8,,,automatic,nn,nn
2021-04-07T02:32:42.190Z,18.0026,-67.059,7,2.53,md,14,119,0.0363,0.08,pr,pr2021097001,2021-04-07T02:55:00.618Z,"3 km NNW of La Parguera, Puerto Rico",earthquake,0.33,0.17,0.18,8,reviewed,pr,pr
2021-04-07T02:25:44.466Z,-31.0506,-71.7598,29.16,4.2,mb,,127,0.39,0.68,us,us6000dzjw,2021-04-07T12:45:30.486Z,"73 km SW of Ovalle, Chile",earthquake,4.7,5,0.264,4,reviewed,us,us
2021-04-07T02:06:07.555Z,41.5002,19.4795,10,4.1,mb,,53,0.943,0.9,us,us6000dzjv,2021-04-07T02:23:16.040Z,"18 km NNW of Shijak, Albania",earthquake,4.8,1.9,0.234,5,reviewed,us,us
2021-04-07T01:57:49.580Z,33.0881667,-115.6026667,10.26,2.17,ml,38,35,0.03791,0.24,ci,ci39841416,2021-04-07T02:01:32.525Z,"6km NNE of Westmorland, CA",earthquake,0.3,0.61,0.196,28,automatic,ci,ci
2021-04-07T01:54:28.069Z,61.5179,-149.9867,43.9,1.4,ml,,,,0.7,ak,ak0214gg1qc6,2021-04-07T03:42:21.230Z,"1 km WSW of Big Lake, Alaska",earthquake,,0.9,,,automatic,ak,ak
2021-04-07T00:55:41.937Z,60.959,-151.4017,65.2,1.6,ml,,,,0.76,ak,ak0214gfgjiq,2021-04-07T01:05:15.929Z,"18 km SW of Tyonek, Alaska",earthquake,,0.9,,,automatic,ak,ak
2021-04-07T00:48:20.240Z,17.9216,-66.8168,14,2.38,md,14,216,0.2324,0.12,pr,pr2021097000,2021-04-07T01:02:41.708Z,"8 km S of Indios, Puerto Rico",earthquake,0.48,0.57,0.14,11,reviewed,pr,pr
2021-04-07T00:47:54.000Z,33.5223333,-116.8551667,2.44,0.27,ml,10,133,0.1042,0.36,ci,ci39841392,2021-04-07T00:51:39.954Z,"9km N of Aguanga, CA",earthquake,0.88,1.53,0.121,6,automatic,ci,ci
2021-04-07T00:19:03.223Z,60.5154,-150.18,21.4,1.4,ml,,,,0.28,ak,ak0214gf8qr6,2021-04-07T00:22:31.387Z,"19 km W of Cooper Landing, Alaska",earthquake,,0.5,,,automatic,ak,ak
2021-04-07T00:18:31.340Z,35.6803333,-117.476,4.65,0.88,ml,9,148,0.0943,0.17,ci,ci39841360,2021-04-07T00:25:47.044Z,"12km SW of Searles Valley, CA",earthquake,0.64,1.02,0.118,11,reviewed,ci,ci
2021-04-07T00:16:20.460Z,37.9203,-118.0398,2,1.2,ml,10,194.56,0.14,0.06,nn,nn00804469,2021-04-07T00:19:43.179Z,"28 km N of Dyer, Nevada",earthquake,,9.5,,,automatic,nn,nn
2021-04-07T00:12:07.050Z,34.1533333,-117.5485,10.66,0.89,ml,22,87,0.0312,0.09,ci,ci39841352,2021-04-07T00:32:24.067Z,"4km NE of Rancho Cucamonga, CA",earthquake,0.2,0.24,0.191,12,reviewed,ci,ci
2021-04-07T00:04:23.720Z,33.5873333,-116.81,8.32,0.52,ml,21,68,0.03883,0.26,ci,ci39841336,2021-04-07T00:08:05.704Z,"13km WNW of Anza, CA",earthquake,0.54,0.89,0.117,13,automatic,ci,ci
2021-04-07T00:03:06.680Z,19.865,-155.810333333333,13.31,2.64,ml,42,149,,0.2,hv,hv72415197,2021-04-07T03:55:27.534Z,"8 km SSW of Waikoloa, Hawaii",earthquake,0.65,0.71,0.146695949657255,15,reviewed,hv,hv
2021-04-06T23:51:38.290Z,19.1714992523193,-155.484161376953,29.1900005340576,1.70000005,md,25,96,,0.180000007,hv,hv72415187,2021-04-06T23:54:46.380Z,"3 km S of Pāhala, Hawaii",earthquake,0.67,1.35000002,0.850000024,3,automatic,hv,hv
2021-04-06T23:22:11.587Z,65.3203,-162.5722,5.3,1.4,ml,,,,0.77,ak,ak0214f5f0yg,2021-04-06T23:34:46.834Z,"79 km WNW of Koyuk, Alaska",earthquake,,0.3,,,automatic,ak,ak
2021-04-06T23:18:50.690Z,35.0396667,-117.6863333,-0.82,1.95,ml,31,51,0.1054,0.2,ci,ci39841304,2021-04-07T00:25:02.007Z,"6km NW of Boron, CA",quarry blast,0.4,31.61,0.187,63,reviewed,ci,ci
2021-04-06T23:08:09.670Z,58.1903333333333,-155.284,6.28,-0.79,ml,5,229,,0.09,av,av91023623,2021-04-07T02:22:05.680Z,"84 km NW of Karluk, Alaska",earthquake,0.5,0.87,0.382280577749784,3,reviewed,av,av
2021-04-06T23:06:11.676Z,39.4405,-118.4667,12.5,0.7,ml,4,184.6,0.299,0.0847,nn,nn00804468,2021-04-07T00:23:13.325Z,"21 km E of Fallon Station, Nevada",earthquake,,20.5,0.49,3,reviewed,nn,nn
2021-04-06T23:05:17.630Z,48.0775,-121.990833333333,3.57,1.48,ml,5,255,0.1253,0.38,uw,uw61722766,2021-04-06T23:20:58.880Z,"1 km WSW of Granite Falls, Washington",earthquake,2.89,24.4,0.155390712445315,3,reviewed,uw,uw
2021-04-06T22:54:28.936Z,40.6255,-119.5494,14.6,2.2,ml,6,120.6,0.476,0.133,nn,nn00804453,2021-04-06T23:27:44.380Z,"16 km W of Gerlach, Nevada",earthquake,,1.6,0.3,5,reviewed,nn,nn
2021-04-06T22:50:16.550Z,19.2296666666667,-155.416166666667,31.29,1.62,md,12,210,,0.07,hv,hv72415122,2021-04-07T04:47:05.100Z,"7 km ENE of Pāhala, Hawaii",earthquake,0.87,1.01,0.0977680955391294,7,reviewed,hv,hv
2021-04-06T22:49:14.280Z,35.7651667,-117.5795,6.8,1.87,ml,28,73,0.05255,0.14,ci,ci39841272,2021-04-06T23:00:18.620Z,"16km W of Searles Valley, CA",earthquake,0.2,0.54,0.105,25,automatic,ci,ci
2021-04-06T22:39:33.200Z,36.4838333,-121.050499,6.98,2.05,md,21,151,0.02913,0.07,nc,nc73546090,2021-04-06T23:12:05.757Z,"10km ESE of Pinnacles, CA",earthquake,0.48,0.81,0.2,21,automatic,nc,nc
2021-04-06T22:37:19.610Z,19.1645,-155.457333333333,31.73,1.73,md,13,250,,0.09,hv,hv72415102,2021-04-07T04:58:48.930Z,"4 km SSE of Pāhala, Hawaii",earthquake,0.87,0.95,0.0594611158676297,6,reviewed,hv,hv
2021-04-06T22:32:58.353Z,61.4152,-150.0866,40.8,1.5,ml,,,,0.62,ak,ak0214f4vu4r,2021-04-06T22:35:50.759Z,"8 km NW of Point MacKenzie, Alaska",earthquake,,0.7,,,automatic,ak,ak
2021-04-06T22:21:21.820Z,38.8241653,-122.8116684,1.99,1.81,md,35,35,0.001464,0.03,nc,nc73546080,2021-04-07T01:30:07.974Z,"7km NW of The Geysers, CA",earthquake,0.16,0.28,0.11,10,automatic,nc,nc
2021-04-06T22:18:25.071Z,60.1101,-140.6914,0,1.8,ml,,,,1.11,ak,ak0214f4sro7,2021-04-06T22:22:39.303Z,"82 km NW of Yakutat, Alaska",earthquake,,0.2,,,automatic,ak,ak
2021-04-06T22:14:59.110Z,35.7843333,-117.638,5.67,1.61,ml,19,66,0.04545,0.19,ci,ci39841240,2021-04-06T22:18:53.154Z,"18km N of Ridgecrest, CA",earthquake,0.29,0.77,0.164,24,automatic,ci,ci
2021-04-06T22:08:15.485Z,38.1559,-118.0702,3,1.1,ml,11,125.86,0.015,0.1584,nn,nn00804443,2021-04-06T22:47:29.628Z,"26 km S of Mina, Nevada",earthquake,,1.1,0.39,11,reviewed,nn,nn
2021-04-06T22:03:08.363Z,65.3225,-162.5782,0.2,1.8,ml,,,,0.6,ak,ak0214f4piix,2021-04-06T22:12:48.126Z,"79 km WNW of Koyuk, Alaska",earthquake,,0.5,,,automatic,ak,ak
2021-04-06T21:56:18.200Z,35.969,-117.3175,0.5,0.87,ml,8,196,0.08268,0.19,ci,ci39841216,2021-04-06T21:59:50.966Z,"23km NNE of Trona, CA",earthquake,0.77,0.71,0.134,8,automatic,ci,ci
2021-04-06T21:55:47.745Z,31.9044,93.0153,10,4.8,mb,,66,2.73,0.76,us,us6000dzj3,2021-04-06T22:40:43.040Z,"102 km ENE of Nagqu, China",earthquake,7,1.9,0.069,64,reviewed,us,us
2021-04-06T21:48:35.574Z,31.9443,92.9985,10,5,mww,,56,6.676,0.62,us,us6000dzil,2021-04-06T22:08:26.040Z,"103 km ENE of Nagqu, China",earthquake,7.6,1.8,0.098,10,reviewed,us,us
2021-04-06T21:45:27.390Z,19.419,-155.513166666667,41.09,1.82,md,16,44,,0.14,hv,hv72415062,2021-04-07T04:43:17.140Z,"24 km N of Pāhala, Hawaii",earthquake,0.8,0.93,0.0132222671478197,7,reviewed,hv,hv
2021-04-06T21:33:23.381Z,12.1838,-87.2967,70.42,4.2,mb,,176,0.576,0.5,us,us6000dzid,2021-04-06T22:04:10.040Z,"35 km SSW of Corinto, Nicaragua",earthquake,5,7.1,0.125,18,reviewed,us,us
2021-04-06T21:25:14.330Z,17.9125,-66.9351,11,2.5,md,13,232,0.1231,0.27,pr,pr2021096002,2021-04-06T21:57:02.205Z,"7 km SSW of Guánica, Puerto Rico",earthquake,0.84,0.7,0.09,9,reviewed,pr,pr
2021-04-06T21:23:55.981Z,61.5825,-149.9495,42.5,1.4,ml,,,,0.76,ak,ak0214f48gwa,2021-04-06T21:27:03.585Z,"6 km N of Big Lake, Alaska",earthquake,,0.5,,,automatic,ak,ak
2021-04-06T21:22:12.300Z,60.5475,-150.7114,26,1.5,ml,,,,0.53,ak,ak0214f485ta,2021-04-06T21:25:23.285Z,"3 km ENE of Sterling, Alaska",earthquake,,0.5,,,automatic,ak,ak
2021-04-06T21:09:50.730Z,38.8106651,-122.8190002,2.44,0.14,md,6,162,0.008152,0.01,nc,nc73546060,2021-04-06T21:11:29.103Z,"7km NW of The Geysers, CA",earthquake,0.67,0.85,,1,automatic,nc,nc
2021-04-06T21:05:20.080Z,33.0306667,-115.9873333,8.86,1.13,ml,21,53,0.1443,0.15,ci,ci39841080,2021-04-06T21:09:06.612Z,"18km SE of Ocotillo Wells, CA",earthquake,0.27,1.58,0.124,15,automatic,ci,ci
2021-04-06T20:56:25.430Z,33.8371667,-116.9826667,10.96,0.68,ml,21,123,0.1297,0.15,ci,ci39841072,2021-04-06T23:02:13.189Z,"6km NNW of San Jacinto, CA",earthquake,0.29,0.57,0.105,12,reviewed,ci,ci
2021-04-06T20:49:08.308Z,60.4571,-152.5075,105.1,1.9,ml,,,,0.45,ak,ak0214f3si7a,2021-04-06T20:57:30.492Z,"64 km NW of Ninilchik, Alaska",earthquake,,0.4,,,automatic,ak,ak
2021-04-06T20:31:06.281Z,62.8248,-150.5847,76.8,2,ml,,,,0.61,ak,ak0214f3on6s,2021-04-06T20:37:58.259Z,"37 km NNE of Petersville, Alaska",earthquake,,0.6,,,automatic,ak,ak
2021-04-06T20:25:02.170Z,36.5536667,-121.135,8.23,0.93,md,12,131,0.0236,0.07,nc,nc73546045,2021-04-06T23:56:05.118Z,"3km NNE of Pinnacles, CA",earthquake,0.42,0.34,0.168,12,reviewed,nc,nc
2021-04-06T20:10:36.789Z,38.1636,142.149,45.11,4.2,mb,,143,2.753,0.84,us,us6000dzhz,2021-04-06T20:54:00.040Z,"79 km ESE of Ishinomaki, Japan",earthquake,8.9,9,0.124,22,reviewed,us,us
2021-04-06T20:08:49.002Z,5.911,126.5468,104.68,5.1,mb,,72,1.5,0.98,us,us6000dzhy,2021-04-06T20:26:50.040Z,"64 km SE of Pondaguitan, Philippines",earthquake,4.8,6.6,0.053,116,reviewed,us,us
2021-04-06T20:05:49.830Z,33.9451667,-118.3793333,22.32,1.9,ml,45,77,0.03468,0.27,ci,ci39841008,2021-04-06T23:21:28.324Z,"3km WNW of Lennox, CA",earthquake,0.41,0.53,0.143,26,reviewed,ci,ci
2021-04-06T20:05:31.230Z,33.9498333,-118.3536667,19.66,2.36,ml,43,89,0.04114,0.24,ci,ci39841000,2021-04-06T20:57:35.742Z,"1km SW of Inglewood, CA",earthquake,0.43,0.38,0.134,23,automatic,ci,ci
2021-04-06T20:04:15.118Z,39.4305,-119.6951,12,0.5,ml,6,125.23,0.14,0.1517,nn,nn00804446,2021-04-06T22:31:52.488Z,"Nevada",earthquake,,8,0.04,3,reviewed,nn,nn
2021-04-06T19:52:52.510Z,38.786335,-122.7385025,1.69,0.79,md,12,84,0.003391,0.04,nc,nc73546040,2021-04-06T20:03:07.554Z,"2km ENE of The Geysers, CA",earthquake,0.32,0.6,0.09,2,automatic,nc,nc
2021-04-06T19:36:16.939Z,-5.6896,-80.7383,10,4.8,mb,,126,5.411,0.84,us,us6000dzhr,2021-04-06T19:56:18.040Z,"17 km SSE of Sechura, Peru",earthquake,9.1,1.9,0.062,83,reviewed,us,us
2021-04-06T19:36:14.850Z,45.8971666666667,-122.821333333333,-0.66,1.35,ml,8,167,0.1235,0.39,uw,uw61722711,2021-04-06T20:32:17.790Z,"1 km NW of Columbia City, Oregon",explosion,1.6,31.61,0.260959406003424,5,reviewed,uw,uw
2021-04-06T19:29:44.021Z,61.5405,-146.6113,19.6,1.8,ml,,,,0.84,ak,ak0214f32v24,2021-04-06T19:36:21.741Z,"47 km NNW of Valdez, Alaska",earthquake,,0.3,,,automatic,ak,ak
2021-04-06T19:20:39.680Z,41.5113333,-112.8681667,11.24,3.46,ml,41,127,0.3485,0.17,uu,uu60431992,2021-04-07T07:19:36.653Z,"47 km SW of Howell, Utah",earthquake,0.63,0.38,0.132,24,reviewed,uu,uu
2021-04-06T19:19:34.900Z,36.5653343,-121.1460037,6.12,1.95,md,15,141,0.03235,0.08,nc,nc73546035,2021-04-06T20:54:07.930Z,"4km N of Pinnacles, CA",earthquake,0.42,0.75,0.2,14,automatic,nc,nc
2021-04-06T19:09:35.550Z,36.0528333,-118.0103333,2.54,1.04,ml,22,68,0.07144,0.14,ci,ci39840896,2021-04-06T22:49:22.442Z,"6km W of Coso Junction, CA",earthquake,0.2,0.73,0.199,15,reviewed,ci,ci
2021-04-06T19:07:53.210Z,35.7226667,-117.5583333,8.88,0.57,ml,14,133,0.09819,0.1,ci,ci39840904,2021-04-06T22:13:19.800Z,"15km WSW of Searles Valley, CA",earthquake,0.24,0.65,0.25,5,reviewed,ci,ci
2021-04-06T19:04:52.880Z,19.1935,-155.488333333333,37.49,1.72,md,10,148,,0.18,hv,hv72414977,2021-04-07T04:52:44.890Z,"1 km SW of Pāhala, Hawaii",earthquake,1.9,1.32,0.0598062360897111,6,reviewed,hv,hv
2021-04-06T18:59:22.550Z,38.8195,-122.8233337,2.36,0.15,md,14,68,0.009824,0.02,nc,nc73546030,2021-04-06T19:19:05.676Z,"8km NW of The Geysers, CA",earthquake,0.28,0.63,,1,automatic,nc,nc
2021-04-06T18:31:36.400Z,46.8665,-121.757166666667,-0.24,0.9,ml,14,125,0.0176,0.07,uw,uw61722681,2021-04-06T20:26:55.550Z,"24 km ENE of Ashford, Washington",earthquake,0.3,0.72,0.0909495310913466,5,reviewed,uw,uw
2021-04-06T18:26:28.810Z,33.4916667,-116.7815,2.64,1.3,ml,51,29,0.02597,0.24,ci,ci39840848,2021-04-06T18:37:15.680Z,"10km NE of Aguanga, CA",earthquake,0.23,0.89,0.221,26,automatic,ci,ci
2021-04-06T18:17:54.560Z,32.6363333,-117.004,14.15,0.69,ml,17,142,0.1118,0.15,ci,ci39840824,2021-04-06T19:56:31.444Z,"3km SE of Bonita, CA",quarry blast,0.45,0.65,0.267,3,reviewed,ci,ci
2021-04-06T18:17:19.980Z,59.7121,-152.4842,79,0.9,ml,,,,0.25,ak,ak0214f2et0e,2021-04-06T18:20:44.222Z,"37 km WSW of Anchor Point, Alaska",earthquake,,1.3,,,automatic,ak,ak
2021-04-06T18:16:32.830Z,33.068,-115.0046667,-0.25,1.39,ml,11,85,0.09809,0.26,ci,ci39840840,2021-04-06T22:08:46.881Z,"45km NE of Holtville, CA",quarry blast,0.62,31.61,0.076,2,reviewed,ci,ci
2021-04-06T18:01:13.547Z,3.6393,-83.0983,10,4.7,mb,,155,4.745,1.11,us,us6000dzhc,2021-04-06T18:21:49.040Z,"off the coast of Central America",earthquake,5.2,1.9,0.137,19,reviewed,us,us
2021-04-06T17:46:53.500Z,35.68,-117.5035,5.85,0.35,ml,8,157,0.09918,0.07,ci,ci39840792,2021-04-06T21:37:43.156Z,"13km SW of Searles Valley, CA",earthquake,0.32,0.84,0.042,2,reviewed,ci,ci
2021-04-06T17:40:19.357Z,-3.5486,138.6915,61.89,4.6,mb,,73,6.462,0.75,us,us6000dzha,2021-04-06T18:32:27.040Z,"240 km WSW of Abepura, Indonesia",earthquake,9.1,8.5,0.079,51,reviewed,us,us
2021-04-06T17:36:15.492Z,37.4036,-117.0644,13.6,1.1,ml,21,112.71,0.187,0.202,nn,nn00804435,2021-04-06T19:48:15.695Z,"37 km SSE of Goldfield, Nevada",earthquake,,2.5,0.3,11,reviewed,nn,nn
2021-04-06T17:33:07.780Z,45.8576666666667,-122.464333333333,-1.25,1.2,ml,13,228,0.08119,0.29,uw,uw61722656,2021-04-06T22:08:07.920Z,"4 km WSW of Yacolt, Washington",explosion,1.23,31.61,0.255551742813431,9,reviewed,uw,uw
2021-04-06T17:22:17.324Z,35.2001,59.1835,10,4.4,mb,,72,2.645,0.79,us,us6000dzh4,2021-04-06T18:45:17.040Z,"8 km SSW of Torbat-e Ḩeydarīyeh, Iran",earthquake,4.9,1.9,0.078,50,reviewed,us,us
2021-04-06T17:15:37.120Z,35.6416667,-117.4693333,9.43,1.31,ml,16,145,0.05535,0.16,ci,ci39840752,2021-04-06T17:19:17.014Z,"15km SSW of Searles Valley, CA",earthquake,0.47,0.86,0.18,17,automatic,ci,ci
2021-04-06T17:11:27.090Z,33.6463333,-116.6965,13.63,0.07,ml,7,109,0.06632,0.04,ci,ci39840744,2021-04-06T21:46:38.978Z,"10km NNW of Anza, CA",earthquake,0.27,0.31,0.039,2,reviewed,ci,ci
2021-04-06T16:58:51.890Z,38.8165016,-122.8396683,3.05,1.86,md,11,118,0.04796,0.12,nc,nc73546015,2021-04-06T18:03:08.191Z,"8km WNW of The Geysers, CA",earthquake,0.44,1.33,0.05,10,automatic,nc,nc
2021-04-06T16:58:48.670Z,36.0206667,-117.8005,1.33,0.12,ml,12,76,0.02893,0.09,ci,ci39840736,2021-04-06T21:31:52.563Z,"13km NE of Little Lake, CA",earthquake,0.16,0.21,0.439,2,reviewed,ci,ci
2021-04-06T16:44:16.001Z,43.0758,145.5718,56.95,4.6,mb,,104,2.075,0.32,us,us6000dzgz,2021-04-06T17:18:28.040Z,"27 km S of Nemuro, Japan",earthquake,7.3,7.4,0.065,71,reviewed,us,us
2021-04-06T16:42:22.900Z,37.4728333,-118.8503333,3.57,0.5,md,16,133,0.1182,0.04,nc,nc73546010,2021-04-06T19:36:06.777Z,"18km WSW of Toms Place, CA",earthquake,0.45,1.86,0.135,13,reviewed,nc,nc
2021-04-06T16:33:35.030Z,33.9296667,-118.3396667,15.15,1.24,ml,17,176,0.1908,0.19,ci,ci39840696,2021-04-07T00:17:44.951Z,"2km SE of Lennox, CA",earthquake,0.47,0.76,0.097,13,reviewed,ci,ci
2021-04-06T16:29:32.490Z,39.4246667,-110.317,-1.23,1.23,md,6,193,0.006299,0.09,uu,uu60431967,2021-04-06T17:01:06.940Z,"15 km SSE of Sunnyside, Utah",earthquake,1.05,0.2,0.13,5,reviewed,uu,uu
2021-04-06T16:25:32.580Z,36.0191667,-117.8006667,1.7,0.5,ml,12,74,0.02933,0.07,ci,ci39840688,2021-04-06T21:26:35.546Z,"13km NE of Little Lake, CA",earthquake,0.15,0.18,0.322,5,reviewed,ci,ci
2021-04-06T16:22:42.680Z,34.8676667,-116.3961667,7.6,0.45,ml,6,179,0.06315,0.07,ci,ci39840680,2021-04-06T18:19:38.274Z,"27km NW of Ludlow, CA",earthquake,0.32,0.44,0.181,4,reviewed,ci,ci
2021-04-06T16:09:31.586Z,61.4401,-150.9537,59.3,1.6,ml,,,,0.61,ak,ak0214f168yu,2021-04-06T16:18:41.603Z,"26 km WSW of Susitna, Alaska",earthquake,,0.5,,,automatic,ak,ak
2021-04-06T16:05:55.234Z,61.1883,-149.0657,19.9,1.9,ml,,,,0.59,ak,ak0214f15fxf,2021-04-06T16:18:41.456Z,"27 km NNE of Girdwood, Alaska",earthquake,,0.3,,,automatic,ak,ak
2021-04-06T16:05:31.170Z,35.67,-117.5181667,7.46,0.7,ml,13,153,0.09498,0.17,ci,ci39840672,2021-04-06T16:09:10.525Z,"15km SW of Searles Valley, CA",earthquake,0.52,1.54,0.204,7,automatic,ci,ci
2021-04-06T15:58:40.260Z,35.7205,-117.569,11.43,1.04,ml,14,129,0.09782,0.13,ci,ci39840656,2021-04-06T16:02:15.871Z,"15km NE of Ridgecrest, CA",earthquake,0.37,0.69,0.183,11,automatic,ci,ci
2021-04-06T15:39:19.280Z,47.8978,145.8469,459.78,4.1,mb,,117,2.296,0.36,us,us6000dzgm,2021-04-06T16:13:44.040Z,"238 km ENE of Dolinsk, Russia",earthquake,10.8,7.4,0.052,102,reviewed,us,us
2021-04-06T15:37:06.040Z,63.1468,-143.6547,0.2,2.3,ml,,,,1.01,ak,ak0214f0qrfw,2021-04-06T16:18:41.160Z,"25 km NNE of Mentasta Lake, Alaska",earthquake,,0.5,,,automatic,ak,ak
2021-04-06T15:36:34.258Z,65.335,-164.4564,0,1,ml,,,,0.75,ak,ak0214f0qlwh,2021-04-06T16:18:41.309Z,"86 km N of Solomon, Alaska",earthquake,,0.5,,,automatic,ak,ak
2021-04-06T15:36:07.870Z,38.1579,-117.8438,8.4,1.6,ml,22,67,0.022,0.1225,nn,nn00804432,2021-04-06T19:32:46.070Z,"34 km SE of Mina, Nevada",earthquake,,0.8,0.18,10,reviewed,nn,nn
2021-04-06T15:34:47.220Z,60.1044,-153.3923,138.2,1.6,ml,,,,0.35,ak,ak0214f0q7gy,2021-04-06T16:18:41.010Z,"52 km ESE of Port Alsworth, Alaska",earthquake,,0.7,,,automatic,ak,ak
2021-04-06T15:23:11.480Z,38.8218346,-122.8570023,1.97,1.46,md,6,139,0.05362,0.03,nc,nc73545995,2021-04-06T16:19:07.519Z,"10km WNW of The Geysers, CA",earthquake,0.67,3.13,0.11,5,automatic,nc,nc
2021-04-06T15:22:31.560Z,33.8955,-116.929,14.28,1.27,ml,39,36,0.05007,0.19,ci,ci39840616,2021-04-06T15:33:36.640Z,"6km SE of Beaumont, CA",earthquake,0.24,0.55,0.144,26,automatic,ci,ci
2021-04-06T15:12:25.546Z,35.6331,45.9631,8.66,5.3,mww,,40,0.402,0.55,us,us6000dzgg,2021-04-07T04:11:41.531Z,"1 km NE of Baynjiwayn, Iraq",earthquake,3.4,4.1,0.089,12,reviewed,us,us
2021-04-06T15:11:35.950Z,33.7828333,-116.8975,11.15,1.11,ml,30,58,0.06377,0.18,ci,ci39840608,2021-04-06T15:15:21.187Z,"4km N of Valle Vista, CA",earthquake,0.26,0.57,0.268,30,automatic,ci,ci
2021-04-06T15:05:21.550Z,37.3035,-119.5616667,36.75,1.89,md,13,91,0.1857,0.1,nc,nc73545990,2021-04-06T21:22:07.876Z,"8km ESE of Oakhurst, CA",earthquake,0.55,0.85,0.143,14,reviewed,nc,nc
2021-04-06T14:55:41.120Z,19.2081661224365,-155.442504882812,32.4000015258789,2.24000001,md,46,125,,0.140000001,hv,hv72414832,2021-04-06T14:58:58.060Z,"3 km E of Pāhala, Hawaii",earthquake,0.47,1,1.58000004,26,automatic,hv,hv
2021-04-06T14:43:03.370Z,44.4881667,-115.2056667,5.73,2.41,ml,11,81,0.327,0.19,mb,mb80495009,2021-04-06T15:02:44.460Z,"36 km NW of Stanley, Idaho",earthquake,0.58,2.23,0.191,16,reviewed,mb,mb
2021-04-06T14:41:32.168Z,38.1755,-118.0547,4.4,1.4,ml,22,69.22,0.016,0.1362,nn,nn00804428,2021-04-06T19:17:14.584Z,"24 km S of Mina, Nevada",earthquake,,0.9,0.42,9,reviewed,nn,nn
2021-04-06T13:54:55.070Z,38.8025017,-122.8146667,2,1.58,md,9,106,0.04188,0.07,nc,nc73545980,2021-04-06T14:27:09.866Z,"6km WNW of The Geysers, CA",earthquake,0.38,1.65,0.11,9,automatic,nc,nc
2021-04-06T13:53:38.820Z,47.6445,-121.950833333333,16.86,1.51,ml,22,69,0.1151,0.2,uw,uw61722611,2021-04-06T17:55:46.640Z,"1 km NE of Ames Lake, Washington",earthquake,0.42,0.71,0.0712313163858711,6,reviewed,uw,uw
2021-04-06T13:47:45.990Z,33.5008333,-116.5063333,12.74,0.91,ml,27,57,0.06016,0.17,ci,ci39840536,2021-04-06T18:12:41.224Z,"17km ESE of Anza, CA",earthquake,0.27,0.58,0.14,21,reviewed,ci,ci
2021-04-06T13:41:33.700Z,33.4886667,-116.7831667,2.8,1.75,ml,64,28,0.02766,0.22,ci,ci39840520,2021-04-06T18:13:27.570Z,"9km NE of Aguanga, CA",earthquake,0.2,0.67,0.174,27,reviewed,ci,ci
2021-04-06T13:32:40.990Z,33.3841667,-116.337,10.78,0.54,ml,16,108,0.0316,0.15,ci,ci39840512,2021-04-06T21:45:18.405Z,"15km NNE of Borrego Springs, CA",earthquake,0.28,0.43,0.112,6,reviewed,ci,ci
2021-04-06T13:22:21.816Z,38.1664,-118.0914,3.9,1,ml,18,125.59,0.032,0.1141,nn,nn00804426,2021-04-06T18:58:39.234Z,"24 km S of Mina, Nevada",earthquake,,1.2,0.31,7,reviewed,nn,nn
2021-04-06T13:05:28.040Z,36.036,-117.6416667,1.58,1.09,ml,17,82,0.0882,0.14,ci,ci39840488,2021-04-06T13:24:27.614Z,"26km ENE of Little Lake, CA",earthquake,0.28,0.38,0.161,15,reviewed,ci,ci
2021-04-06T12:59:58.950Z,40.1225,-121.7851667,16.65,1.74,md,13,108,0.1724,0.06,nc,nc73545970,2021-04-06T17:11:07.858Z,"28km NNW of Forest Ranch, CA",earthquake,0.39,0.79,0.128,14,reviewed,nc,nc
2021-04-06T12:58:28.509Z,38.1684,-117.8868,11.3,1.2,ml,22,70.78,0.014,0.1314,nn,nn00804424,2021-04-06T18:43:09.962Z,"31 km SE of Mina, Nevada",earthquake,,0.6,0.19,10,reviewed,nn,nn
2021-04-06T12:55:09.630Z,33.0465,-116.4326667,13.05,1.11,ml,31,67,0.1421,0.18,ci,ci39840472,2021-04-06T13:24:27.730Z,"16km ESE of Julian, CA",earthquake,0.28,0.75,0.143,20,reviewed,ci,ci
2021-04-06T12:54:04.390Z,33.4441667,-116.6685,14.39,0.49,ml,19,120,0.1262,0.14,ci,ci39840464,2021-04-06T12:57:45.378Z,"12km S of Anza, CA",earthquake,0.31,0.73,0.067,7,automatic,ci,ci
2021-04-06T12:50:53.834Z,67.2195,-153.5522,1.3,1.6,ml,,,,0.75,ak,ak0214ez1cmm,2021-04-06T13:01:58.739Z,"82 km NNW of Alatna, Alaska",earthquake,,0.4,,,automatic,ak,ak
2021-04-06T12:47:51.310Z,32.9046667,-116.53,15.25,0.82,ml,14,134,0.0818,0.26,ci,ci39840448,2021-04-06T12:51:41.366Z,"9km N of Pine Valley, CA",earthquake,0.78,0.87,0.144,7,automatic,ci,ci
2021-04-06T12:44:30.734Z,65.5074,-144.8245,4.1,1.2,ml,,,,0.95,ak,ak0214ez00jp,2021-04-06T12:50:37.118Z,"7 km S of Central, Alaska",earthquake,,0.3,,,automatic,ak,ak
2021-04-06T12:40:26.923Z,-29.6395,-178.3703,10,4.8,mb,,111,0.55,0.74,us,us6000dzec,2021-04-06T13:17:44.040Z,"Kermadec Islands, New Zealand",earthquake,8.8,1.9,0.124,22,reviewed,us,us
2021-04-06T12:36:24.010Z,60.0275,-152.971833333333,4.2,-0.75,ml,4,285,,0.19,av,av91023598,2021-04-07T01:36:21.920Z,"68 km ENE of Pedro Bay, Alaska",earthquake,1.42,1.11,0.105698003058223,3,reviewed,av,av
2021-04-06T12:21:31.670Z,19.2089996337891,-155.381164550781,33.2000007629395,1.75,md,25,178,,0.140000001,hv,hv72414747,2021-04-06T12:24:48.830Z,"10 km E of Pāhala, Hawaii",earthquake,0.78,0.939999998,0.74000001,3,automatic,hv,hv
2021-04-06T12:16:47.320Z,19.1978333333333,-155.5045,32.94,1.68,md,13,194,,0.11,hv,hv72414737,2021-04-06T13:02:36.910Z,"2 km WSW of Pāhala, Hawaii",earthquake,0.87,1.02,0.0613394525675321,7,reviewed,hv,hv
2021-04-06T12:07:15.750Z,19.1561660766602,-155.473999023438,35.7000007629395,1.86000001,md,28,133,,0.150000006,hv,hv72414732,2021-04-06T12:10:19.960Z,"5 km S of Pāhala, Hawaii",earthquake,0.64,1.04999995,0.200000003,5,automatic,hv,hv
2021-04-06T12:05:19.193Z,39.1578,-99.198,5,2.7,mb_lg,,72,0.542,0.34,us,us6000dzea,2021-04-06T23:31:33.338Z,"12 km SE of Plainville, Kansas",earthquake,2,2,0.057,79,reviewed,us,us
2021-04-06T12:00:14.790Z,33.9573333,-118.376,21.57,1.54,ml,25,90,0.03518,0.27,ci,ci39840416,2021-04-06T12:04:07.032Z,"3km W of Inglewood, CA",earthquake,0.68,0.62,0.176,28,automatic,ci,ci
2021-04-06T11:49:23.540Z,37.6213333,-119.387,8.21,1.65,md,21,137,0.2445,0.16,nc,nc73545965,2021-04-06T22:07:01.181Z,"21km SE of Yosemite Valley, CA",earthquake,0.56,2.69,0.23,19,reviewed,nc,nc
2021-04-06T11:39:14.324Z,31.13175671,-103.1529382,2.686694336,1.5,ml,17,57,0.002922286944,0.2,tx,tx2021gslw,2021-04-06T16:37:12.446Z,"14 km SW of Coyanosa, Texas",earthquake,0.8855919599,0.8510018345,0.2,11,reviewed,tx,tx
2021-04-06T11:38:59.670Z,19.1898326873779,-155.382827758789,32.7700004577637,2,md,23,191,,0.109999999,hv,hv72414707,2021-04-06T11:42:10.730Z,"10 km E of Pāhala, Hawaii",earthquake,0.7,0.860000014,1.13999999,3,automatic,hv,hv
2021-04-06T11:30:10.230Z,35.6753333,-117.5061667,10.01,0.6,ml,9,165,0.0956,0.19,ci,ci39840400,2021-04-06T13:28:57.320Z,"14km SW of Searles Valley, CA",earthquake,0.75,1.06,0.193,8,reviewed,ci,ci
2021-04-06T11:28:00.610Z,34.0593333,-118.8845,9.17,1.77,ml,35,85,0.07238,0.24,ci,ci39840392,2021-04-06T19:39:48.230Z,"9km NW of Malibu, CA",earthquake,0.48,1,0.206,27,automatic,ci,ci
2021-04-06T11:23:45.010Z,19.4896666666667,-155.663166666667,1.97,0.77,md,14,97,,0.11,hv,hv72414692,2021-04-06T13:10:26.770Z,"21 km E of Honaunau-Napoopoo, Hawaii",earthquake,0.28,0.97,0.0694829678490519,7,reviewed,hv,hv
2021-04-06T10:59:16.900Z,19.166166305542,-155.468338012695,35.1500015258789,2.06,ml,50,82,,0.119999997,hv,hv72414677,2021-04-06T11:04:48.230Z,"4 km SSE of Pāhala, Hawaii",earthquake,0.48,0.689999998,4.63,6,automatic,hv,hv
2021-04-06T10:58:45.370Z,35.6651667,-117.4746667,6.74,0.8,ml,10,165,0.07915,0.09,ci,ci39840376,2021-04-06T13:29:46.327Z,"13km SSW of Searles Valley, CA",earthquake,0.53,0.86,0.09,5,reviewed,ci,ci
2021-04-06T10:53:32.800Z,60.5267,-141.8431,22.5,1,ml,,,,0.05,ak,ak0214exv2xs,2021-04-06T10:56:44.536Z,"116 km SSE of McCarthy, Alaska",earthquake,,0.8,,,automatic,ak,ak
2021-04-06T10:52:58.860Z,47.5378333333333,-122.412333333333,24.24,0.97,ml,21,130,0.103,0.12,uw,uw61722581,2021-04-06T18:22:37.430Z,"4 km WNW of White Center, Washington",earthquake,0.35,0.57,0.0784452824021163,6,reviewed,uw,uw
2021-04-06T10:48:16.204Z,60.8248,-151.9646,77.1,1.7,ml,,,,0.67,ak,ak0214extz2q,2021-04-06T10:56:44.365Z,"39 km WNW of Nikiski, Alaska",earthquake,,0.6,,,automatic,ak,ak
2021-04-06T10:46:51.770Z,19.2286666666667,-155.413166666667,30.15,1.6,md,15,140,,0.1,hv,hv72414672,2021-04-06T12:51:47.320Z,"7 km ENE of Pāhala, Hawaii",earthquake,0.84,0.9,0.104206712449796,9,reviewed,hv,hv
2021-04-06T10:44:35.939Z,36.53616667,-98.959,7.66,0.91,ml,18,107,0.04409134777,0.07,ok,ok2021gskb,2021-04-07T13:57:11.337Z,"8 km SW of Waynoka, Oklahoma",earthquake,,0.2,0.23,8,reviewed,ok,ok
2021-04-06T10:44:23.900Z,35.9131667,-117.6711667,9.47,0.49,ml,7,85,0.03855,0.04,ci,ci39840360,2021-04-06T13:30:28.334Z,"21km E of Little Lake, CA",earthquake,0.25,0.51,0.077,4,reviewed,ci,ci
2021-04-06T10:43:37.370Z,53.8483333333333,-166.869333333333,5.52,-0.3,ml,6,168,,0.13,av,av91218231,2021-04-06T23:30:53.220Z,"22 km WSW of Dutch Harbor, Alaska",earthquake,0.57,1.09,0.273916261217166,6,reviewed,av,av
2021-04-06T10:31:42.890Z,44.485,-115.201,4.38,1.81,ml,10,80,0.322,0.16,mb,mb80494989,2021-04-06T14:32:40.740Z,"36 km NW of Stanley, Idaho",earthquake,0.44,2.7,0.22,11,reviewed,mb,mb
2021-04-06T10:11:24.790Z,33.6591667,-116.7186667,15.13,0.57,ml,16,88,0.052,0.16,ci,ci39840352,2021-04-06T13:30:37.333Z,"9km S of Idyllwild, CA",earthquake,0.53,0.83,0.147,6,reviewed,ci,ci
2021-04-06T10:08:46.890Z,36.5285,-98.985,8.31,1.2,ml,24,136,0.04949028832,0.07,ok,ok2021gsiw,2021-04-07T13:49:53.776Z,"9 km NNE of Quinlan, Oklahoma",earthquake,,0.3,0.22,10,reviewed,ok,ok
2021-04-06T10:07:46.647Z,-29.6879,-176.6077,10,5.3,mb,,62,1.233,0.45,us,us6000dze0,2021-04-06T10:27:40.040Z,"Kermadec Islands region",earthquake,9,1.8,0.056,107,reviewed,us,us
2021-04-06T10:03:37.210Z,36.529,-98.98633333,8.09,1.62,ml,28,135,0.04859046489,0.1,ok,ok2021gsio,2021-04-06T13:02:12.003Z,"9 km NNE of Quinlan, Oklahoma",earthquake,,0.4,0.22,10,reviewed,ok,ok
2021-04-06T09:59:35.810Z,36.52533333,-98.98766667,8.56,0.91,ml,18,142,0.04859046489,0.07,ok,ok2021gsip,2021-04-07T14:01:50.010Z,"9 km NNE of Quinlan, Oklahoma",earthquake,,0.3,0.3,6,reviewed,ok,ok
2021-04-06T09:43:24.139Z,31.56263681,-104.1436114,6.131567383,2,ml,25,55,0.08134379123,0.3,tx,tx2021gsib,2021-04-06T15:45:53.474Z,"43 km NW of Toyah, Texas",earthquake,1.068980705,1.265616293,0.2,10,reviewed,tx,tx
2021-04-06T09:33:43.830Z,44.4723333,-115.2008333,10,2.08,ml,10,95,0.312,0.32,mb,mb80494984,2021-04-06T14:25:30.100Z,"35 km NW of Stanley, Idaho",earthquake,0.98,31.61,0.149,13,reviewed,mb,mb
2021-04-06T09:33:28.193Z,31.67409683,-104.3932833,7.699755859,1.9,ml,17,57,0.09179875199,0.3,tx,tx2021gshs,2021-04-06T16:03:52.068Z,"55 km S of Whites City, New Mexico",earthquake,1.220824365,1.613389229,0.2,8,reviewed,tx,tx
2021-04-06T09:33:20.940Z,19.4861660003662,-155.649673461914,-1.58000004291534,1.82000005,md,25,93,,0.379999995,hv,hv72414642,2021-04-06T09:36:29.930Z,"22 km E of Honaunau-Napoopoo, Hawaii",earthquake,0.61,0.970000029,0.649999976,7,automatic,hv,hv
2021-04-06T09:29:40.143Z,63.3159,-145.0887,0,1.5,ml,,,,1.22,ak,ak0214ex4ipq,2021-04-06T09:32:54.643Z,"36 km NE of Paxson, Alaska",earthquake,,0.4,,,automatic,ak,ak
2021-04-06T09:26:39.688Z,-24.12,-66.9203,202.68,4.4,mb,,70,1.638,0.5,us,us6000dzds,2021-04-06T10:42:48.195Z,"62 km W of San Antonio de los Cobres, Argentina",earthquake,5.1,7.2,0.112,23,reviewed,us,us
2021-04-06T09:14:15.394Z,60.4494,-151.646,68.4,2.3,ml,,,,0.61,ak,ak0214ex190q,2021-04-06T09:28:13.972Z,"19 km W of Kalifornsky, Alaska",earthquake,,0.7,,,automatic,ak,ak
2021-04-06T09:12:46.060Z,19.2331657409668,-155.408828735352,33.8600006103516,2.01999998,md,38,140,,0.140000001,hv,hv72414627,2021-04-06T09:16:03.860Z,"8 km ENE of Pāhala, Hawaii",earthquake,0.56,0.699999988,1.39999998,14,automatic,hv,hv
2021-04-06T09:08:29.289Z,38.048,-118.7634,3.2,1.5,ml,21,88.66,0.288,0.1375,nn,nn00804423,2021-04-06T18:18:08.047Z,"33 km ENE of Lee Vining, California",earthquake,,2.9,0.23,6,reviewed,nn,nn
2021-04-06T09:05:15.750Z,34.987,-97.68516667,8.66,1.53,ml,41,41,0.1007802235,0.25,ok,ok2021gsgu,2021-04-06T12:54:30.599Z,"7 km SW of Dibble, Oklahoma",earthquake,,1.4,0.19,20,reviewed,ok,ok
2021-04-06T09:02:13.591Z,50.7597,-177.2726,10,4.2,mb,,129,1.183,0.93,us,us6000dzdl,2021-04-06T17:57:24.285Z,"131 km SSW of Adak, Alaska",earthquake,8.8,1.9,0.047,125,reviewed,us,us
2021-04-06T09:00:43.840Z,17.9181,-66.8135,14,2.04,md,12,218,0.2364,0.13,pr,pr2021096003,2021-04-07T02:52:50.114Z,"8 km S of Indios, Puerto Rico",earthquake,0.62,1.07,0.13,8,reviewed,pr,pr
2021-04-06T08:58:26.837Z,60.5459,-141.231,14.3,1.9,ml,,,,0.89,ak,ak0214ewp9uq,2021-04-06T09:05:30.091Z,"134 km SE of McCarthy, Alaska",earthquake,,0.3,,,automatic,ak,ak
2021-04-06T08:54:21.480Z,45.2278,16.3201,10,4.6,mb,,62,0.777,1.05,us,us6000dzdc,2021-04-06T09:28:05.040Z,"15 km NW of Dobrljin, Bosnia and Herzegovina",earthquake,3.9,1.9,0.107,26,reviewed,us,us
2021-04-06T08:37:17.377Z,63.2245,-150.6493,92.5,1.8,ml,,,,0.68,ak,ak0214ewkr2s,2021-04-06T09:02:49.491Z,"64 km SE of Denali National Park, Alaska",earthquake,,1.3,,,automatic,ak,ak
2021-04-06T08:34:36.973Z,38.1679,-118.0696,6.6,1.4,ml,24,76.26,0.016,0.0949,nn,nn00804420,2021-04-06T17:53:15.229Z,"24 km S of Mina, Nevada",earthquake,,0.9,0.32,12,reviewed,nn,nn
2021-04-06T08:32:48.780Z,33.6468333,-116.7405,14.64,0.27,ml,9,92,0.05654,0.06,ci,ci39840344,2021-04-06T21:47:56.662Z,"11km S of Idyllwild, CA",earthquake,0.41,0.33,0.131,3,reviewed,ci,ci
2021-04-06T08:26:59.060Z,35.7058333,-117.5076667,6.15,1.45,ml,24,101,0.1247,0.18,ci,ci39840336,2021-04-06T13:31:37.290Z,"12km SW of Searles Valley, CA",earthquake,0.36,1.41,0.173,24,reviewed,ci,ci
2021-04-06T08:26:35.035Z,63.2284,-150.4321,117.5,1.5,ml,,,,0.41,ak,ak0214ewifqj,2021-04-06T08:30:55.249Z,"73 km ESE of Denali National Park, Alaska",earthquake,,0.8,,,automatic,ak,ak
2021-04-06T08:24:14.249Z,37.2391,-114.551,12,2.9,ml,15,101.14,0.507,0.1643,nn,nn00804416,2021-04-07T01:56:19.040Z,"41 km S of Caliente, Nevada",earthquake,,1.7,0.33,11,reviewed,nn,nn
2021-04-06T08:24:06.260Z,33.9898333,-116.678,16.19,0.88,ml,20,72,0.0546,0.17,ci,ci39840328,2021-04-06T08:27:38.393Z,"11km SW of Morongo Valley, CA",earthquake,0.36,0.74,0.109,22,automatic,ci,ci
2021-04-06T08:23:51.759Z,36.52783333,-98.98583333,7.78,1.34,ml,30,104,0.04949028832,0.12,ok,ok2021gsfk,2021-04-07T14:06:32.000Z,"9 km NNE of Quinlan, Oklahoma",earthquake,,0.2,0.19,11,reviewed,ok,ok
2021-04-06T08:23:12.410Z,13.1167,143.3879,196.72,4.6,mb,,63,1.515,0.72,us,us6000dzdb,2021-04-06T09:05:50.040Z,"139 km W of Umatac Village, Guam",earthquake,10.6,7.5,0.054,100,reviewed,us,us
2021-04-06T08:20:20.460Z,19.2096672058105,-155.448501586914,35.5,1.79999995,md,25,119,,0.119999997,hv,hv72414587,2021-04-06T08:23:33.410Z,"3 km ENE of Pāhala, Hawaii",earthquake,0.79,1.39999998,0.769999981,3,automatic,hv,hv
2021-04-06T08:16:15.489Z,-29.4845,-176.832,10,5.3,mb,,61,9.018,1.38,us,us6000dzd6,2021-04-06T08:36:09.040Z,"Kermadec Islands region",earthquake,8.4,1.8,0.05,136,reviewed,us,us
2021-04-06T07:57:03.950Z,35.475,-118.148,8.77,1.3,ml,22,54,0.06182,0.14,ci,ci39840320,2021-04-06T13:31:40.770Z,"33km ESE of Lake Isabella, CA",earthquake,0.24,0.62,0.161,23,reviewed,ci,ci
2021-04-06T07:51:35.490Z,35.7465,-118.5036667,7.25,1.19,ml,24,83,0.04461,0.17,ci,ci39840312,2021-04-06T21:17:57.487Z,"6km NW of Wofford Heights, CA",earthquake,0.27,0.57,0.343,5,reviewed,ci,ci
2021-04-06T07:47:50.950Z,35.8353333,-117.654,7.05,0.56,ml,10,91,0.0499,0.24,ci,ci39840304,2021-04-06T07:51:23.316Z,"24km WNW of Searles Valley, CA",earthquake,0.56,1.12,0.165,8,automatic,ci,ci
2021-04-06T07:44:44.470Z,35.8271667,-117.6441667,7.63,1.03,ml,15,78,0.0396,0.19,ci,ci39840296,2021-04-06T07:48:24.235Z,"23km WNW of Searles Valley, CA",earthquake,0.38,0.85,0.116,14,automatic,ci,ci
2021-04-06T07:42:52.896Z,31.65655725,-104.5352189,6.877099609,2.1,ml,22,78,0.03175194674,0.3,tx,tx2021gseb,2021-04-06T15:39:47.286Z,"59 km SSW of Whites City, New Mexico",earthquake,1.733664123,1.168272527,0.2,8,reviewed,tx,tx
2021-04-06T07:39:25.910Z,58.435,-154.8585,5.7,-0.58,ml,5,122,,0.17,av,av91023583,2021-04-07T01:06:10.720Z,"99 km NNW of Karluk, Alaska",earthquake,0.5,1.47,0.134199572195277,4,reviewed,av,av
2021-04-06T07:37:22.858Z,-28.9634,-176.5864,10,5.2,mww,,45,1.208,0.89,us,us6000dzcz,2021-04-06T13:17:53.040Z,"Kermadec Islands region",earthquake,9.8,1.8,0.065,23,reviewed,us,us
2021-04-06T07:24:23.684Z,62.6563,-151.3145,83.5,1.7,ml,,,,0.26,ak,ak0214evwjn2,2021-04-06T07:36:18.992Z,"33 km WNW of Petersville, Alaska",earthquake,,0.9,,,automatic,ak,ak
2021-04-06T07:16:25.459Z,69.5754,-143.4412,16.5,1.9,ml,,,,0.87,ak,ak0214evuu29,2021-04-06T07:28:47.515Z,"62 km S of Kaktovik, Alaska",earthquake,,0.3,,,automatic,ak,ak
2021-04-06T07:14:54.703Z,60.982,-149.5225,34.2,1.4,ml,,,,0.83,ak,ak0214evugvy,2021-04-06T07:23:56.448Z,"9 km NE of Hope, Alaska",earthquake,,0.2,,,automatic,ak,ak
2021-04-06T07:11:19.449Z,35.37333333,-97.92583333,5,1.4,ml,19,86,0.09808075321,0.22,ok,ok2021gsda,2021-04-06T19:28:12.333Z,"2 km SE of Union City, Oklahoma",earthquake,,1.7,0.16,5,reviewed,ok,ok
2021-04-06T07:07:20.260Z,19.335,-155.143666666667,6.71,2.81,ml,49,104,,0.11,hv,hv72414547,2021-04-07T02:11:57.410Z,"14 km S of Fern Forest, Hawaii",earthquake,0.3,0.37,0.169541848783866,27,reviewed,hv,hv
2021-04-06T07:01:51.660Z,17.8531,-66.8788,12,2.39,md,13,248,0.2022,0.1,pr,pr2021096001,2021-04-06T07:18:40.577Z,"13 km SSE of Guánica, Puerto Rico",earthquake,0.79,0.55,0.07,9,reviewed,pr,pr
2021-04-06T06:57:25.699Z,35.3785,-97.97566667,7.62,0.87,ml,14,101,0.06298763968,0.33,ok,ok2021gsco,2021-04-06T19:16:30.920Z,"3 km WSW of Union City, Oklahoma",earthquake,,1.2,0.25,5,reviewed,ok,ok
2021-04-06T06:55:48.189Z,35.37716667,-97.934,8.13,1.21,ml,16,73,0.09088216582,0.16,ok,ok2021gscn,2021-04-06T18:57:54.554Z,"1 km SSE of Union City, Oklahoma",earthquake,,1.4,0.1,3,reviewed,ok,ok
2021-04-06T06:54:22.400Z,58.171,-155.341,-0.11,-0.07,ml,4,265,,0.06,av,av91023578,2021-04-07T01:02:40.000Z,"85 km NW of Karluk, Alaska",earthquake,0.7,1.72,0.323676057188097,5,reviewed,av,av
2021-04-06T06:46:37.329Z,35.36883333,-97.9235,6.81,2.66,ml,67,35,0,0.55,ok,ok2021gscf,2021-04-07T10:04:31.277Z,"3 km SSE of Union City, Oklahoma",earthquake,,1.3,0.26,29,reviewed,ok,ok
2021-04-06T06:43:15.980Z,53.8356666666667,-166.807,5.46,0.37,ml,7,140,,0.13,av,av91218171,2021-04-06T23:17:00.680Z,"18 km WSW of Dutch Harbor, Alaska",earthquake,0.37,1.07,0.202075520043115,7,reviewed,av,av
2021-04-06T06:42:50.940Z,53.8365,-166.808,5.8,-0.4,ml,7,138,,0.14,av,av91023568,2021-04-06T23:20:07.300Z,"Fox Islands, Aleutian Islands, Alaska",earthquake,0.4,1.3,0.189553277104312,7,reviewed,av,av
2021-04-06T06:24:50.047Z,38.1393,-117.9752,9.1,1.6,ml,22,76.29,0.013,0.1181,nn,nn00804414,2021-04-06T15:58:50.350Z,"30 km SSE of Mina, Nevada",earthquake,,0.7,0.28,10,reviewed,nn,nn
2021-04-06T06:22:56.140Z,33.9621667,-118.3886667,19.62,1.29,ml,19,102,0.03609,0.26,ci,ci39840256,2021-04-06T06:26:40.084Z,"4km W of Inglewood, CA",earthquake,0.81,0.74,0.224,30,automatic,ci,ci
2021-04-06T06:18:32.149Z,35.37716667,-97.94183333,6,0.68,ml,16,71,0.08548322528,0.31,ok,ok2021gsbh,2021-04-06T18:42:21.809Z,"1 km S of Union City, Oklahoma",earthquake,,1.8,0.35,4,reviewed,ok,ok
2021-04-06T05:58:24.240Z,44.6741667,-112.0171667,7.15,0.75,ml,11,115,0.257,0.17,mb,mb80495004,2021-04-06T14:50:31.810Z,"37 km NNE of Spencer, Idaho",earthquake,0.47,4.73,0.146,5,reviewed,mb,mb
2021-04-06T05:58:08.840Z,19.48,-155.654,4.02,0.85,md,11,113,,0.08,hv,hv72414492,2021-04-07T07:23:08.580Z,"22 km E of Honaunau-Napoopoo, Hawaii",earthquake,0.47,0.97,0.0915475867213716,6,reviewed,hv,hv
2021-04-06T05:55:43.180Z,39.2393,-120.0907,7.7,-0.3,ml,3,182.7,0.042,0.0732,nn,nn00804440,2021-04-06T21:39:07.491Z,"1 km NNW of Carnelian Bay, California",earthquake,,4,0,1,reviewed,nn,nn
2021-04-06T05:51:59.740Z,55.5565,-161.638666666667,2.19,0.94,ml,10,302,,0.2,av,av91218156,2021-04-06T22:58:06.420Z,"56 km SSW of Nelson Lagoon, Alaska",earthquake,0.78,1.28,0.260589449309717,9,reviewed,av,av
2021-04-06T05:47:16.948Z,-31.4525,-68.1169,101.8,4.6,mb,,55,0.493,1.05,us,us6000dzc6,2021-04-06T11:35:30.253Z,"27 km NE of Caucete, Argentina",earthquake,7.3,5.7,0.046,144,reviewed,us,us
2021-04-06T05:46:23.510Z,37.6466667,-119.0375,-0.06,-0.11,md,7,121,0.007615,0.03,nc,nc73545950,2021-04-06T09:10:40.051Z,"5km WNW of Mammoth Lakes, CA",earthquake,0.38,0.54,0.156,8,reviewed,nc,nc
2021-04-06T05:38:48.690Z,46.7251666666667,-122.173,15.9,0.76,ml,25,96,0.1769,0.14,uw,uw61722556,2021-04-06T18:49:23.540Z,"1 km NE of Mineral, Washington",earthquake,0.26,1,0.174013108920261,9,reviewed,uw,uw
2021-04-06T05:36:48.140Z,35.37883333,-97.93566667,6.45,1.08,ml,12,123,0.08908251897,0.11,ok,ok2021grzx,2021-04-06T18:22:06.339Z,"1 km SSE of Union City, Oklahoma",earthquake,,1.4,0.44,4,reviewed,ok,ok
2021-04-06T05:31:55.039Z,35.4205,-98.0485,16,0.78,ml,7,251,0.01619682163,0.2,ok,ok2021grzt,2021-04-06T18:11:29.035Z,"10 km WNW of Union City, Oklahoma",earthquake,,2.1,0.17,4,reviewed,ok,ok
2021-04-06T05:28:59.450Z,35.43933333,-98.079,19.68,0.43,ml,9,151,0.04319152435,0.2,ok,ok2021grzq,2021-04-06T18:05:32.687Z,"13 km WNW of Union City, Oklahoma",earthquake,,1.4,0.05,2,reviewed,ok,ok
2021-04-06T05:28:55.250Z,19.2216663360596,-155.38883972168,32.560001373291,1.75,md,30,158,,0.119999997,hv,hv72414467,2021-04-06T05:32:13.640Z,"9 km ENE of Pāhala, Hawaii",earthquake,0.68,0.899999976,0.839999974,7,automatic,hv,hv
2021-04-06T05:27:17.150Z,44.3213333,-115.1818333,5.81,1.65,ml,8,125,0.189,0.25,mb,mb80494974,2021-04-06T14:01:39.730Z,"22 km WNW of Stanley, Idaho",earthquake,0.63,1.98,0.249,10,reviewed,mb,mb
2021-04-06T05:22:04.687Z,18.4146,-73.5503,10,4.6,mb,,49,2.106,0.79,us,us6000dzc1,2021-04-06T15:05:21.040Z,"12 km SE of Baradères, Haiti",earthquake,5.3,1.7,0.107,26,reviewed,us,us
2021-04-06T05:21:26.789Z,38.1813,-117.9257,3.4,1,ml,15,119,0.047,0.0987,nn,nn00804412,2021-04-06T17:37:44.069Z,"Nevada",earthquake,,1.3,0.05,7,reviewed,nn,nn
2021-04-06T05:14:51.487Z,64.9572,-156.4614,0,1.3,ml,,,,0.68,ak,ak0214eunlfg,2021-04-06T05:29:23.679Z,"33 km NE of Galena, Alaska",earthquake,,0.3,,,automatic,ak,ak
2021-04-06T05:12:28.625Z,63.0272,-151.5289,0,1.6,ml,,,,0.75,ak,ak0214eun48e,2021-04-06T05:18:32.116Z,"58 km S of Denali National Park, Alaska",earthquake,,0.4,,,automatic,ak,ak
2021-04-06T05:11:23.657Z,58.4546,-136.9839,0,2.5,ml,,,,0.69,ak,ak0214eumw4t,2021-04-06T05:14:41.382Z,"47 km NW of Elfin Cove, Alaska",earthquake,,0.5,,,automatic,ak,ak
2021-04-06T05:10:53.840Z,37.4736667,-118.8216667,9.03,0.74,md,20,132,0.1163,0.03,nc,nc73545945,2021-04-06T07:30:07.667Z,"16km SW of Toms Place, CA",earthquake,0.29,1.49,0.159,18,reviewed,nc,nc
2021-04-06T05:01:29.070Z,63.2978,-144.8642,3.9,1.8,ml,,,,0.96,ak,ak0214eukrfs,2021-04-06T05:04:59.953Z,"40 km SSW of Dry Creek, Alaska",earthquake,,0.3,,,automatic,ak,ak
2021-04-06T04:59:39.030Z,44.4948333,-115.2071667,5.12,1.83,ml,8,138,0.333,0.16,mb,mb80494969,2021-04-06T13:55:28.490Z,"37 km NW of Stanley, Idaho",earthquake,0.48,2.37,0.214,12,reviewed,mb,mb
2021-04-06T04:55:26.410Z,35.40183333,-97.91466667,12.9,0.74,ml,7,183,0.09628110636,0.17,ok,ok2021gryn,2021-04-06T17:58:33.362Z,"2 km ENE of Union City, Oklahoma",earthquake,,2.6,0.13,4,reviewed,ok,ok
2021-04-06T04:47:43.980Z,40.3143333,-121.2435,10.62,1.03,md,7,137,0.1003,0.05,nc,nc73545940,2021-04-06T06:55:05.454Z,"1km NW of Chester, CA",earthquake,0.7,0.93,0.208,6,reviewed,nc,nc
2021-04-06T04:45:55.530Z,35.43083333,-98.05766667,16.64,0.78,ml,10,198,0.02429523245,0.22,ok,ok2021gryf,2021-04-06T17:52:50.225Z,"11 km WNW of Union City, Oklahoma",earthquake,,1.6,0.25,5,reviewed,ok,ok
2021-04-06T04:41:34.471Z,29.17785645,-97.59995404,1.614013672,1.9,ml,17,56,0.03317273609,0.2,tx,tx2021gryc,2021-04-06T15:52:17.640Z,"10 km SSE of Smiley, Texas",earthquake,1.24738831,1.48657994,0.2,11,reviewed,tx,tx
2021-04-06T04:41:08.450Z,37.2363333,-119.4373333,25.47,1.55,md,8,93,0.2483,0.08,nc,nc73545935,2021-04-06T08:21:07.287Z,"7km E of North Fork, CA",earthquake,0.39,1.6,0.112,11,reviewed,nc,nc
2021-04-06T04:36:47.343Z,29.17510986,-97.59892004,2.469930013,1.6,ml,14,57,0.03233511115,0.2,tx,tx2021grxx,2021-04-06T16:13:30.256Z,"10 km SSE of Smiley, Texas",earthquake,1.394072522,2.0636078,0.1,10,reviewed,tx,tx
2021-04-06T04:27:40.950Z,36.3601667,-89.4688333,6.12,1.74,md,24,65,0.02649,0.05,nm,nm60332032,2021-04-06T17:32:37.060Z,"2 km S of Tiptonville, Tennessee",earthquake,0.5,0.7,0.124,20,reviewed,nm,nm
2021-04-06T04:27:23.236Z,-21.0961,-68.9656,123.36,3.9,mb,,80,0.966,0.36,us,us6000dzbx,2021-04-06T16:53:35.577Z,"150 km N of Calama, Chile",earthquake,5.7,9.8,0.195,7,reviewed,us,us
2021-04-06T04:22:47.799Z,38.1628,-117.9054,9.6,0.9,ml,17,98.55,0.027,0.1373,nn,nn00804410,2021-04-06T17:09:57.523Z,"30 km SE of Mina, Nevada",earthquake,,0.9,0.29,7,reviewed,nn,nn
2021-04-06T04:16:35.210Z,33.9323333,-118.3361667,22.57,1.72,ml,43,84,0.06181,0.28,ci,ci39840224,2021-04-06T04:20:39.081Z,"2km ESE of Lennox, CA",earthquake,0.44,0.67,0.124,29,automatic,ci,ci
2021-04-06T04:13:27.560Z,46.85,-121.759833333333,1.21,0.5,ml,15,85,0.02275,0.09,uw,uw61722551,2021-04-06T12:02:06.450Z,"23 km ENE of Ashford, Washington",earthquake,0.34,0.54,0.207540018768124,7,reviewed,uw,uw
2021-04-06T04:08:55.923Z,31.72802452,-104.1061352,8.111083984,1.6,ml,14,52,0.06454710696,0.2,tx,tx2021grxa,2021-04-06T16:56:54.333Z,"48 km W of Mentone, Texas",earthquake,1.093248202,1.430243214,0.2,6,reviewed,tx,tx
2021-04-06T04:08:02.490Z,37.6036667,-118.8513333,-0.25,1.12,md,15,146,0.01787,0.08,nc,nc73545925,2021-04-06T15:53:07.373Z,"12km ESE of Mammoth Lakes, CA",earthquake,0.36,0.51,0.397,14,reviewed,nc,nc
2021-04-06T04:05:17.335Z,62.0064,-151.2229,72.1,2.4,ml,,,,0.43,ak,ak0214eu05r1,2021-04-06T04:18:34.258Z,"9 km E of Skwentna, Alaska",earthquake,,0.6,,,automatic,ak,ak
2021-04-06T04:00:46.710Z,36.9533333,-120.1433333,18.25,1.68,md,9,117,0.2025,0.09,nc,nc73545920,2021-04-06T07:55:07.144Z,"7km W of Madera, CA",earthquake,0.59,0.81,0.278,16,reviewed,nc,nc
2021-04-06T03:52:23.143Z,61.8387,-149.0656,36.4,1.2,ml,,,,0.32,ak,ak0214etot8q,2021-04-06T03:55:20.489Z,"13 km N of Buffalo Soapstone, Alaska",earthquake,,0.5,,,automatic,ak,ak
2021-04-06T03:46:24.026Z,63.9729,-146.8681,6.2,1.3,ml,,,,0.41,ak,ak0214etnj0i,2021-04-06T03:55:20.310Z,"46 km SSW of Harding-Birch Lakes, Alaska",earthquake,,0.3,,,automatic,ak,ak
2021-04-06T03:43:55.220Z,33.94,-118.3361667,20.7,1.61,ml,29,87,0.05469,0.29,ci,ci39840208,2021-04-06T12:22:34.386Z,"2km E of Lennox, CA",earthquake,0.76,0.79,0.153,31,automatic,ci,ci
2021-04-06T03:30:41.470Z,33.936,-116.8111667,7.98,0.94,ml,35,51,0.09894,0.24,ci,ci39840200,2021-04-06T03:34:29.782Z,"3km NW of Cabazon, CA",earthquake,0.32,1.08,0.18,28,automatic,ci,ci
2021-04-06T03:30:23.370Z,36.0153351,-120.5723343,3.86,0.77,md,8,142,0.04458,0.02,nc,nc73545915,2021-04-06T03:45:07.012Z,"18km NW of Parkfield, CA",earthquake,0.48,0.73,0.41,5,automatic,nc,nc
2021-04-06T03:26:46.030Z,34.1353333,-117.4493333,7.1,0.81,ml,15,144,0.1041,0.25,ci,ci39840192,2021-04-06T03:30:32.761Z,"4km N of Fontana, CA",earthquake,0.94,1.9,0.218,15,automatic,ci,ci
2021-04-06T03:07:40.070Z,33.4646667,-116.5655,11.45,0.33,ml,18,127,0.04287,0.12,ci,ci39840184,2021-04-06T21:11:26.441Z,"14km SE of Anza, CA",earthquake,0.28,0.45,0.07,6,reviewed,ci,ci
2021-04-06T03:04:24.440Z,33.0328333,-116.4423333,7.24,2.34,ml,86,19,0.04448,0.2,ci,ci39840176,2021-04-06T16:40:37.430Z,"16km ESE of Julian, CA",earthquake,0.13,0.56,0.11,24,reviewed,ci,ci
2021-04-06T02:51:31.880Z,19.4786666666667,-155.6535,4.28,1.15,md,16,75,,0.11,hv,hv72414327,2021-04-07T07:14:22.570Z,"22 km E of Honaunau-Napoopoo, Hawaii",earthquake,0.38,0.77,0.222732894121142,10,reviewed,hv,hv
2021-04-06T02:44:03.630Z,39.4273333,-110.3248333,-1.06,1.98,md,4,169,0.003236,0.09,uu,uu60431937,2021-04-06T14:49:44.230Z,"14 km SSE of Sunnyside, Utah",earthquake,2.42,0.25,0.485,4,reviewed,uu,uu
2021-04-06T02:34:15.942Z,38.1712,-118.0871,3.6,1.3,ml,20,124.38,0.03,0.1366,nn,nn00804409,2021-04-06T16:51:21.991Z,"24 km S of Mina, Nevada",earthquake,,1.2,0.19,10,reviewed,nn,nn
2021-04-06T02:30:36.020Z,39.8641667,-111.0666667,2.1,1.26,md,9,89,0.1999,0.2,uu,uu60431932,2021-04-06T15:18:30.790Z,"17 km NNE of Scofield, Utah",earthquake,1.05,13.5,0.267,4,reviewed,uu,uu
2021-04-06T02:26:57.615Z,-24.1635,-67.1738,246.67,4.6,mb,,81,1.518,0.79,us,us6000dzbi,2021-04-06T03:55:23.825Z,"87 km W of San Antonio de los Cobres, Argentina",earthquake,7.3,15.3,0.273,4,reviewed,us,us
2021-04-06T02:21:32.740Z,44.8248333,-111.538,16.26,0.48,ml,7,221,0.077,0.1,mb,mb80494999,2021-04-06T14:43:50.310Z,"28 km WNW of Hebgen Lake Estates, Montana",earthquake,2.11,1.13,0.119,4,reviewed,mb,mb
2021-04-06T02:14:03.480Z,36.0163345,-120.5759964,3.86,1.79,md,16,81,0.0436,0.05,nc,nc73545905,2021-04-06T02:35:05.230Z,"18km NW of Parkfield, CA",earthquake,0.26,0.54,0.16,11,automatic,nc,nc
2021-04-06T02:06:24.045Z,65.726,-151.9771,0,1.9,ml,,,,1.03,ak,ak0214estiwl,2021-04-06T02:17:19.317Z,"62 km N of Tanana, Alaska",earthquake,,0.3,,,automatic,ak,ak
2021-04-06T02:01:32.660Z,32.7451667,-115.8235,9.69,1.04,ml,17,98,0.1259,0.22,ci,ci39840168,2021-04-06T14:07:11.958Z,"16km E of Ocotillo, CA",earthquake,0.4,0.9,0.149,7,reviewed,ci,ci
2021-04-06T01:59:56.255Z,-62.2968,-58.2372,10,4.4,mb,,157,0.207,0.64,us,us6000dzbg,2021-04-06T02:21:05.040Z,"South Shetland Islands",earthquake,5.6,2,0.203,7,reviewed,us,us
2021-04-06T01:57:55.406Z,30.94624092,-103.2071498,4.383422852,2.5,ml,39,58,0.06937578874,0.3,tx,tx2021grsr,2021-04-06T14:45:02.257Z,"31 km W of Fort Stockton, Texas",earthquake,0.9158325197,0.8763979949000001,0.2,19,reviewed,tx,tx
2021-04-06T01:57:33.170Z,32.7391667,-115.8315,7.97,1.85,ml,21,57,0.1192,0.26,ci,ci39840160,2021-04-06T02:01:22.695Z,"15km E of Ocotillo, CA",earthquake,0.55,2.15,0.241,28,automatic,ci,ci
2021-04-06T01:52:16.220Z,33.9385,-118.3466667,18.91,1.43,ml,35,78,0.02339,0.23,ci,ci39840152,2021-04-06T14:22:04.559Z,"0km E of Lennox, CA",earthquake,0.29,0.57,0.149,27,reviewed,ci,ci
2021-04-06T01:44:52.490Z,37.578167,-121.5914993,0.16,2.42,md,55,59,0.09531,0.14,nc,nc73545900,2021-04-06T05:00:08.438Z,"19km SE of Livermore, CA",earthquake,0.21,5.75,0.11,50,automatic,nc,nc
2021-04-06T01:37:12.850Z,46.1781666666667,-122.781666666667,17.85,1.35,ml,17,112,0.0379,0.14,uw,uw61713002,2021-04-06T01:52:38.270Z,"10 km ENE of Kelso, Washington",earthquake,0.44,0.49,0.220253438391237,11,reviewed,uw,uw
2021-04-06T01:36:55.342Z,26.6325,88.6389,10,3.9,mb,,200,2.094,1.28,us,us6000dzbe,2021-04-06T21:46:31.774Z,"15 km NW of Jalpāiguri, India",earthquake,9.4,2,0.21,6,reviewed,us,us
2021-04-06T01:35:11.297Z,63.0944,-151.2389,22.4,1.9,ml,,,,1.3,ak,ak0214ese5ng,2021-04-06T01:43:24.694Z,"55 km SSE of Denali National Park, Alaska",earthquake,,1.1,,,automatic,ak,ak
2021-04-06T01:28:39.830Z,19.4771666666667,-155.6465,3.76,0.87,md,12,110,,0.11,hv,hv72414242,2021-04-07T07:01:32.440Z,"23 km E of Honaunau-Napoopoo, Hawaii",earthquake,0.43,0.83,0.0880792868069384,7,reviewed,hv,hv
2021-04-06T01:28:30.426Z,61.7213,-149.7349,34.2,1.2,ml,,,,0.59,ak,ak0214escteq,2021-04-06T01:34:42.998Z,"11 km NNE of Houston, Alaska",earthquake,,0.2,,,automatic,ak,ak
2021-04-06T01:24:36.370Z,44.6696667,-112.0033333,10.69,1.23,ml,17,99,0.248,0.21,mb,mb80494964,2021-04-06T13:38:42.400Z,"37 km NNE of Spencer, Idaho",earthquake,0.49,1.21,0.178,10,reviewed,mb,mb
2021-04-06T01:19:51.077Z,31.600685,-103.9935076,8.316748047,1.6,ml,13,81,0.08373861891,0.2,tx,tx2021grrl,2021-04-06T16:48:40.399Z,"36 km NNW of Toyah, Texas",earthquake,1.243238417,1.323164635,0.1,6,reviewed,tx,tx
2021-04-06T01:12:22.470Z,44.6698333,-112.012,9.3,1.49,ml,21,99,0.254,0.2,mb,mb80494959,2021-04-06T13:48:19.740Z,"37 km NNE of Spencer, Idaho",earthquake,0.51,1.59,0.216,11,reviewed,mb,mb
2021-04-06T01:12:21.640Z,33.949,-118.3503333,19.29,2.09,ml,55,50,0.03337,0.19,ci,ci39840136,2021-04-06T16:07:18.380Z,"1km SSW of Inglewood, CA",earthquake,0.2,0.29,0.089,16,reviewed,ci,ci
2021-04-06T01:10:17.010Z,33.9441667,-118.3455,18.68,2.28,ml,56,48,0.02711,0.18,ci,ci39840128,2021-04-06T15:15:47.160Z,"1km NE of Lennox, CA",earthquake,0.18,0.29,0.143,18,reviewed,ci,ci
2021-04-06T01:02:16.195Z,61.4491,-150.6476,45.6,1.7,ml,,,,0.65,ak,ak0214es77p7,2021-04-06T01:12:40.085Z,"12 km SW of Susitna, Alaska",earthquake,,0.4,,,automatic,ak,ak
2021-04-06T00:58:19.230Z,33.286,-116.2253333,1,1.38,ml,35,82,0.09611,0.28,ci,ci39840120,2021-04-06T01:01:59.824Z,"14km ENE of Borrego Springs, CA",earthquake,0.39,1.03,0.124,25,automatic,ci,ci
2021-04-06T00:55:09.750Z,33.71,-116.8211667,14.35,0.66,ml,16,179,0.08283,0.19,ci,ci39840112,2021-04-06T00:58:53.949Z,"8km ESE of Valle Vista, CA",earthquake,0.97,0.71,0.103,8,automatic,ci,ci
2021-04-06T00:53:34.030Z,19.298,-155.245166666667,7.59,1.58,md,45,106,,0.1,hv,hv72414217,2021-04-06T01:09:11.040Z,"16 km S of Volcano, Hawaii",earthquake,0.27,0.46,0.14417178323782,21,reviewed,hv,hv
2021-04-06T00:51:16.488Z,38.1493,-117.9496,12.1,1.5,ml,19,93.06,0.013,0.116,nn,nn00804405,2021-04-06T16:26:38.458Z,"30 km SSE of Mina, Nevada",earthquake,,0.7,0.18,9,reviewed,nn,nn
2021-04-06T00:46:48.720Z,33.9476667,-118.3676667,22.14,1.63,ml,32,72,0.04304,0.25,ci,ci39840096,2021-04-06T01:46:19.969Z,"2km NW of Lennox, CA",earthquake,0.38,0.62,0.205,40,reviewed,ci,ci
2021-04-06T00:43:13.280Z,45.3385,-121.7595,1.33,-0.34,md,5,170,0.03477,0.06,uw,uw61712997,2021-04-06T22:18:10.170Z,"3 km N of Government Camp, Oregon",earthquake,0.54,0.41,0.251533490899239,5,reviewed,uw,uw
2021-04-06T00:40:40.920Z,17.9368,-66.851,12,2.55,md,19,197,0.196,0.14,pr,pr2021096000,2021-04-06T00:57:35.395Z,"6 km SE of Maria Antonia, Puerto Rico",earthquake,0.53,0.36,0.17,11,reviewed,pr,pr
2021-04-06T00:32:35.790Z,33.2823333,-116.2238333,3.1,1.36,ml,34,160,0.09291,0.23,ci,ci39840088,2021-04-06T20:15:14.947Z,"14km ENE of Borrego Springs, CA",earthquake,0.36,0.55,0.037,7,reviewed,ci,ci
2021-04-06T00:24:37.468Z,32.4041748,-101.650867,1.516194661,1.5,ml,12,84,0.1570605198,0.3,tx,tx2021grpp,2021-04-06T16:41:46.640Z,"14 km SSE of Ackerly, Texas",earthquake,1.51426118,2.27859959,0.1,6,reviewed,tx,tx
2021-04-06T00:15:28.038Z,-8.213,-74.4555,150.27,4.4,mb,,112,1.799,0.52,us,us6000dzau,2021-04-06T00:32:40.040Z,"21 km NNE of Pucallpa, Peru",earthquake,3.1,9.5,0.126,18,reviewed,us,us
2021-04-06T00:03:07.456Z,58.5117,-137.0912,4.3,1.9,ml,,,,0.48,ak,ak0214erlzxc,2021-04-06T05:03:19.511Z,"56 km NW of Elfin Cove, Alaska",earthquake,,0.5,,,reviewed,ak,ak
2021-04-05T23:56:36.510Z,58.4159,-137.067,0.1,3.1,ml,,,,0.83,ak,ak0214di30qk,2021-04-06T00:20:05.040Z,"49 km WNW of Elfin Cove, Alaska",earthquake,,0.8,,,automatic,ak,ak
2021-04-05T23:53:57.260Z,35.799,-117.628,6.77,1.05,ml,17,86,0.02989,0.11,ci,ci39840048,2021-04-06T20:07:22.176Z,"20km NNE of Ridgecrest, CA",earthquake,0.17,0.3,0.099,5,reviewed,ci,ci
2021-04-05T23:39:32.450Z,49.228,-122.5915,8.61,1.56,ml,12,134,0.514,0.43,uw,uw61722526,2021-04-06T20:13:41.660Z,"1 km NE of Maple Ridge, Canada",earthquake,0.94,36.55,0.0979682316294489,5,reviewed,uw,uw
2021-04-05T23:39:26.590Z,35.8838333,-117.7028333,4.79,0.65,ml,14,71,0.07681,0.1,ci,ci39840032,2021-04-06T20:18:39.052Z,"19km ESE of Little Lake, CA",earthquake,0.16,0.34,0.052,2,reviewed,ci,ci
2021-04-05T23:38:25.690Z,60.2005,-152.7259,116.6,1.8,ml,,,,0.5,ak,ak0214dhz51i,2021-04-06T00:01:01.228Z,"61 km WNW of Ninilchik, Alaska",earthquake,,0.4,,,automatic,ak,ak
2021-04-05T23:26:46.390Z,38.8339996,-122.8069992,1.28,1.21,md,4,185,0.07208,0,nc,nc73545880,2021-04-06T02:00:06.812Z,"7km W of Cobb, CA",earthquake,0.58,2.66,0.12,4,automatic,nc,nc
2021-04-05T23:25:15.080Z,35.67516667,-97.41833333,6.63,1.22,ml,25,82,0.1367731604,0.16,ok,ok2021grnq,2021-04-06T14:42:54.802Z,"5 km ENE of Edmond, Oklahoma",earthquake,,0.6,0.11,7,reviewed,ok,ok
2021-04-05T23:12:45.014Z,61.1224,-152.2601,3.9,1,ml,,,,0.62,ak,ak0214dhtk9y,2021-04-06T22:04:26.410Z,"60 km W of Tyonek, Alaska",earthquake,,0.3,,,reviewed,ak,ak
2021-04-05T23:05:13.342Z,57.6213,-154.8702,74.8,2.7,ml,,,,0.56,ak,ak0214dhs1fu,2021-04-05T23:50:29.040Z,"25 km WNW of Karluk, Alaska",earthquake,,0.5,,,automatic,ak,ak
2021-04-05T22:57:22.937Z,61.5752,-141.0581,12.5,1.2,ml,,,,0.33,ak,ak0214dhhrt1,2021-04-05T23:01:01.101Z,"100 km E of McCarthy, Alaska",earthquake,,0.4,,,automatic,ak,ak
2021-04-05T22:54:27.770Z,33.9541667,-118.3643333,22.44,1.57,ml,35,65,0.03634,0.24,ci,ci39840016,2021-04-06T14:46:52.796Z,"2km WSW of Inglewood, CA",earthquake,0.38,0.51,0.197,32,reviewed,ci,ci
2021-04-05T22:50:36.540Z,37.4548333,-119.01,4.24,1,md,19,110,0.1553,0.15,nc,nc73545870,2021-04-06T04:27:08.258Z,"20km S of Mammoth Lakes, CA",earthquake,0.44,2.13,0.233,12,reviewed,nc,nc
2021-04-05T22:47:19.180Z,33.6836667,-116.7405,15.54,0.85,ml,21,93,0.03513,0.12,ci,ci39840008,2021-04-05T22:51:00.912Z,"7km SSW of Idyllwild, CA",earthquake,0.33,0.49,0.154,25,automatic,ci,ci
2021-04-05T22:44:26.600Z,38.8328333,-122.807,2.42,1.02,md,36,47,0.009726,0.02,nc,nc73545860,2021-04-05T23:27:07.901Z,"7km W of Cobb, CA",earthquake,0.17,0.31,0.131,6,reviewed,nc,nc
2021-04-05T22:43:06.930Z,33.2405,-116.6446667,12.46,0.91,ml,24,85,0.0413,0.23,ci,ci39840000,2021-04-06T13:35:17.381Z,"5km SSW of Warner Springs, CA",earthquake,0.41,0.87,0.117,21,reviewed,ci,ci
2021-04-05T22:35:53.330Z,40.4575,-124.1233333,6.86,1.08,md,17,146,0.04031,0.19,nc,nc73545855,2021-04-06T04:17:08.199Z,"5km SSW of Rio Dell, CA",earthquake,0.3,0.4,0.261,8,reviewed,nc,nc
2021-04-05T22:30:47.380Z,36.6085014,-121.2051697,6.15,2.07,md,23,131,0.04003,0.1,nc,nc73545850,2021-04-06T00:53:08.398Z,"10km NNW of Pinnacles, CA",earthquake,0.4,0.78,0.2,21,automatic,nc,nc
2021-04-05T22:30:34.032Z,31.53959729,-104.0472473,7.93112793,1.6,ml,15,79,0.007474521551,0.2,tx,tx2021grlv,2021-04-06T16:20:24.380Z,"34 km NW of Toyah, Texas",earthquake,1.469579012,0.9203543821,0.2,7,reviewed,tx,tx
2021-04-05T22:20:43.060Z,47.5045,-122.624333333333,-0.43,0.92,md,4,339,0.1188,0.06,uw,uw61722501,2021-04-06T19:58:08.290Z,"1 km NNE of Bethel, Washington",explosion,1.55,31.61,0.12170237791422,4,reviewed,uw,uw
2021-04-05T22:19:40.893Z,62.9423,-148.3524,14.4,1.1,ml,,,,0.48,ak,ak0214dh9mxa,2021-04-05T22:57:36.286Z,"58 km SSE of Cantwell, Alaska",earthquake,,0.2,,,reviewed,ak,ak
2021-04-05T22:09:01.434Z,15.0832,146.3863,86.04,4.6,mb,,140,2.09,0.86,us,us6000dza4,2021-04-06T08:52:34.305Z,"69 km ESE of Saipan, Northern Mariana Islands",earthquake,12,8,0.071,59,reviewed,us,us
2021-04-05T22:05:46.150Z,19.4073333333333,-155.6145,12.21,1.05,md,14,70,,0.13,hv,hv72414037,2021-04-06T01:23:25.910Z,"26 km NNW of Pāhala, Hawaii",earthquake,0.43,0.56,0.0515698100329878,9,reviewed,hv,hv
2021-04-05T22:03:00.000Z,19.429,-155.597166666667,-0.71,0.64,md,8,127,,0.12,hv,hv72414027,2021-04-06T01:45:25.310Z,"27 km NNW of Pāhala, Hawaii",earthquake,0.67,0.76,0.0844262963478088,4,reviewed,hv,hv
2021-04-05T21:58:16.899Z,61.6695,-151.2158,66,1.7,ml,,,,0.75,ak,ak0214dgwjg9,2021-04-05T22:01:22.213Z,"37 km SSE of Skwentna, Alaska",earthquake,,0.6,,,automatic,ak,ak
2021-04-05T21:55:11.490Z,35.8801667,-117.7065,4.43,0.51,ml,9,97,0.08151,0.22,ci,ci39839968,2021-04-05T21:58:48.386Z,"19km ESE of Little Lake, CA",earthquake,0.83,1.52,0.111,6,automatic,ci,ci
2021-04-05T21:50:45.190Z,19.2355,-155.393833333333,30.77,1.69,md,33,141,,0.11,hv,hv72414012,2021-04-06T02:37:13.700Z,"9 km ENE of Pāhala, Hawaii",earthquake,0.59,0.8,0.0531542665110352,20,reviewed,hv,hv
2021-04-05T21:47:21.610Z,52.076,-176.570333333333,24.39,0.85,ml,6,255,,0.17,av,av91023558,2021-04-06T21:54:43.810Z,"22 km N of Adak, Alaska",earthquake,1.12,1.25,0.261490745881589,6,reviewed,av,av
